{
    "64": {
        "Tree": {
            "Wall": 0.021652333333333332, 
            "CPU": 0.01
        }, 
        "Decode": {
            "Wall": 0.13233533333333336, 
            "CPU": 8.406666666666668
        }, 
        "Flush": {
            "Wall": 0.3892233333333333, 
            "CPU": 0.92
        }, 
        "Overall": {
            "Wall": 0.543771, 
            "CPU": 9.346666666666666
        }
    }, 
    "48": {
        "Tree": {
            "Wall": 0.021910666666666672, 
            "CPU": 0.006666666666666667
        }, 
        "Decode": {
            "Wall": 0.14812333333333336, 
            "CPU": 7.076666666666667
        }, 
        "Flush": {
            "Wall": 0.423808, 
            "CPU": 0.69
        }, 
        "Overall": {
            "Wall": 0.594156, 
            "CPU": 7.776666666666666
        }
    }, 
    "2": {
        "Tree": {
            "Wall": 0.019036666666666667, 
            "CPU": 0.01
        }, 
        "Decode": {
            "Wall": 1.8884359999999998, 
            "CPU": 3.66
        }, 
        "Flush": {
            "Wall": 0.36900400000000005, 
            "CPU": 0.02
        }, 
        "Overall": {
            "Wall": 2.2768080000000004, 
            "CPU": 3.6933333333333334
        }
    }, 
    "4": {
        "Tree": {
            "Wall": 0.020667333333333333, 
            "CPU": 0.006666666666666667
        }, 
        "Decode": {
            "Wall": 1.057799, 
            "CPU": 3.8033333333333332
        }, 
        "Flush": {
            "Wall": 0.4322, 
            "CPU": 0.02666666666666667
        }, 
        "Overall": {
            "Wall": 1.510836333333333, 
            "CPU": 3.8366666666666664
        }
    }, 
    "6": {
        "Tree": {
            "Wall": 0.023130333333333336, 
            "CPU": 0.01
        }, 
        "Decode": {
            "Wall": 0.7448839999999999, 
            "CPU": 3.84
        }, 
        "Flush": {
            "Wall": 0.48359033333333334, 
            "CPU": 0.02
        }, 
        "Overall": {
            "Wall": 1.2518463333333334, 
            "CPU": 3.8699999999999997
        }
    }, 
    "32": {
        "Tree": {
            "Wall": 0.028454666666666666, 
            "CPU": 0.006666666666666667
        }, 
        "Decode": {
            "Wall": 0.27084166666666665, 
            "CPU": 7.786666666666666
        }, 
        "Flush": {
            "Wall": 0.39240933333333333, 
            "CPU": 0.4666666666666666
        }, 
        "Overall": {
            "Wall": 0.6925393333333334, 
            "CPU": 8.26
        }
    }, 
    "8": {
        "Tree": {
            "Wall": 0.021807000000000003, 
            "CPU": 0.013333333333333334
        }, 
        "Decode": {
            "Wall": 0.6698656666666668, 
            "CPU": 3.936666666666666
        }, 
        "Flush": {
            "Wall": 0.5843953333333333, 
            "CPU": 0.023333333333333334
        }, 
        "Overall": {
            "Wall": 1.2762386666666667, 
            "CPU": 3.973333333333333
        }
    }, 
    "10": {
        "Tree": {
            "Wall": 0.01977, 
            "CPU": 0.006666666666666667
        }, 
        "Decode": {
            "Wall": 0.976207, 
            "CPU": 3.9499999999999997
        }, 
        "Flush": {
            "Wall": 0.386172, 
            "CPU": 0.02
        }, 
        "Overall": {
            "Wall": 1.3824493333333334, 
            "CPU": 3.9766666666666666
        }
    }, 
    "12": {
        "Tree": {
            "Wall": 0.022237999999999997, 
            "CPU": 0.01
        }, 
        "Decode": {
            "Wall": 0.9541606666666667, 
            "CPU": 3.9266666666666663
        }, 
        "Flush": {
            "Wall": 0.43583466666666665, 
            "CPU": 0.023333333333333334
        }, 
        "Overall": {
            "Wall": 1.4124003333333335, 
            "CPU": 3.9599999999999995
        }
    }, 
    "16": {
        "Tree": {
            "Wall": 0.03777166666666667, 
            "CPU": 0.0033333333333333335
        }, 
        "Decode": {
            "Wall": 0.9429379999999999, 
            "CPU": 3.97
        }, 
        "Flush": {
            "Wall": 0.427886, 
            "CPU": 0.02
        }, 
        "Overall": {
            "Wall": 1.408764, 
            "CPU": 3.9933333333333336
        }
    }, 
    "20": {
        "Tree": {
            "Wall": 0.02096366666666667, 
            "CPU": 0.006666666666666667
        }, 
        "Decode": {
            "Wall": 0.9658313333333334, 
            "CPU": 3.97
        }, 
        "Flush": {
            "Wall": 0.44730133333333333, 
            "CPU": 0.02
        }, 
        "Overall": {
            "Wall": 1.4342673333333333, 
            "CPU": 3.996666666666666
        }
    }, 
    "1": {
        "Tree": {
            "Wall": 0.044982, 
            "CPU": 0.0033333333333333335
        }, 
        "Decode": {
            "Wall": 3.633840333333333, 
            "CPU": 3.6166666666666667
        }, 
        "Flush": {
            "Wall": 0.428993, 
            "CPU": 0.016666666666666666
        }, 
        "Overall": {
            "Wall": 4.108177333333333, 
            "CPU": 3.6366666666666667
        }
    }, 
    "24": {
        "Tree": {
            "Wall": 0.02108033333333333, 
            "CPU": 0.0033333333333333335
        }, 
        "Decode": {
            "Wall": 0.8574743333333333, 
            "CPU": 3.966666666666667
        }, 
        "Flush": {
            "Wall": 0.448944, 
            "CPU": 0.013333333333333334
        }, 
        "Overall": {
            "Wall": 1.3277266666666667, 
            "CPU": 3.983333333333334
        }
    }
}