{
    "1": {
        "1": {
            "0": {
                "Frequencies": {
                    "CPU": 4.708556000000056,
                    "Wall": 9.77210866666767
                },
                "Tree": {
                    "CPU": 7.857396333334342,
                    "Wall": 8.254164666667826
                },
                "Encode": {
                    "CPU": 51.787043000001496,
                    "Wall": 52.09368433333461
                },
                "Flush": {
                    "CPU": 2.112760000000494,
                    "Wall": 2.258545000000471
                },
                "Overall": {
                    "CPU": 75.57954933333333,
                    "Wall": 85.03870133333334
                }
            }
        }
    },
    "2": {
        "1": {
            "0": {
                "Frequencies": {
                    "CPU": 2.6371273333333014,
                    "Wall": 5.871004333333364
                },
                "Tree": {
                    "CPU": 4.2654479999999975,
                    "Wall": 4.441022333333312
                },
                "Encode": {
                    "CPU": 26.798792000000617,
                    "Wall": 27.198332333334164
                },
                "Flush": {
                    "CPU": 1.2895483333337003,
                    "Wall": 1.430570333333648
                },
                "Overall": {
                    "CPU": 27.758927333333332,
                    "Wall": 33.177341000000006
                }
            },
            "1": {
                "Frequencies": {
                    "CPU": 2.6283643333332987,
                    "Wall": 5.882012666666651
                },
                "Tree": {
                    "CPU": 4.221598666666704,
                    "Wall": 4.417953
                },
                "Encode": {
                    "CPU": 26.86536600000069,
                    "Wall": 27.27709033333376
                },
                "Flush": {
                    "CPU": 1.2774053333336621,
                    "Wall": 1.3767130000003263
                },
                "Overall": {
                    "CPU": 45.388035333333335,
                    "Wall": 49.573646
                }
            }
        }
    },
    "4": {
        "1": {
            "0": {
                "Frequencies": {
                    "CPU": 1.4936326666666753,
                    "Wall": 3.9192450000000387
                },
                "Tree": {
                    "CPU": 2.4326609999999564,
                    "Wall": 2.6955689999999177
                },
                "Encode": {
                    "CPU": 13.862669333333438,
                    "Wall": 14.442645666666825
                },
                "Flush": {
                    "CPU": 0.8189386666666526,
                    "Wall": 0.9511360000000267
                },
                "Overall": {
                    "CPU": 23.600987333333336,
                    "Wall": 30.56896
                }
            },
            "1": {
                "Frequencies": {
                    "CPU": 1.494127000000006,
                    "Wall": 3.928231999999999
                },
                "Tree": {
                    "CPU": 2.4359076666666057,
                    "Wall": 2.8186249999999617
                },
                "Encode": {
                    "CPU": 13.869895666666679,
                    "Wall": 14.318152000000204
                },
                "Flush": {
                    "CPU": 0.8191643333333257,
                    "Wall": 0.9395103333333421
                },
                "Overall": {
                    "CPU": 26.901464333333333,
                    "Wall": 30.568562333333333
                }
            },
            "2": {
                "Frequencies": {
                    "CPU": 1.5080686666666763,
                    "Wall": 3.9701396666666455
                },
                "Tree": {
                    "CPU": 2.4587653333332637,
                    "Wall": 2.7124126666666197
                },
                "Encode": {
                    "CPU": 13.895122666666841,
                    "Wall": 14.357207000000093
                },
                "Flush": {
                    "CPU": 0.8315323333333274,
                    "Wall": 0.9410526666666947
                },
                "Overall": {
                    "CPU": 26.997289,
                    "Wall": 30.664651666666668
                }
            },
            "3": {
                "Frequencies": {
                    "CPU": 1.5140286666666893,
                    "Wall": 4.004636333333358
                },
                "Tree": {
                    "CPU": 2.4819739999999464,
                    "Wall": 2.7047573333333115
                },
                "Encode": {
                    "CPU": 13.818362999999968,
                    "Wall": 14.394261333333446
                },
                "Flush": {
                    "CPU": 0.8381836666666702,
                    "Wall": 0.9570256666667046
                },
                "Overall": {
                    "CPU": 26.979314333333335,
                    "Wall": 30.652327333333332
                }
            }
        }
    }
}