{
    "64": {
        "Tree": {
            "Wall": 0.06502633333333334, 
            "CPU": 0.0033333333333333335
        }, 
        "Decode": {
            "Wall": 0.01602466666666667, 
            "CPU": 0.4466666666666667
        }, 
        "Flush": {
            "Wall": 0.17254599999999998, 
            "CPU": 0.0033333333333333335
        }, 
        "Overall": {
            "Wall": 0.253848, 
            "CPU": 0.45333333333333337
        }
    }, 
    "48": {
        "Tree": {
            "Wall": 0.041101000000000006, 
            "CPU": 0.0
        }, 
        "Decode": {
            "Wall": 0.016754, 
            "CPU": 0.44
        }, 
        "Flush": {
            "Wall": 0.06570566666666668, 
            "CPU": 0.0033333333333333335
        }, 
        "Overall": {
            "Wall": 0.12395766666666667, 
            "CPU": 0.44333333333333336
        }
    }, 
    "2": {
        "Tree": {
            "Wall": 0.006914666666666666, 
            "CPU": 0.0
        }, 
        "Decode": {
            "Wall": 0.8586136666666665, 
            "CPU": 0.35333333333333333
        }, 
        "Flush": {
            "Wall": 0.04959933333333333, 
            "CPU": 0.0
        }, 
        "Overall": {
            "Wall": 0.9154963333333335, 
            "CPU": 0.35333333333333333
        }
    }, 
    "4": {
        "Tree": {
            "Wall": 0.007679000000000001, 
            "CPU": 0.0033333333333333335
        }, 
        "Decode": {
            "Wall": 1.2021043333333334, 
            "CPU": 0.37333333333333335
        }, 
        "Flush": {
            "Wall": 0.05495, 
            "CPU": 0.0
        }, 
        "Overall": {
            "Wall": 1.264954666666667, 
            "CPU": 0.37666666666666665
        }
    }, 
    "6": {
        "Tree": {
            "Wall": 0.0071010000000000005, 
            "CPU": 0.0
        }, 
        "Decode": {
            "Wall": 0.5982526666666667, 
            "CPU": 0.3633333333333333
        }, 
        "Flush": {
            "Wall": 0.04974833333333334, 
            "CPU": 0.0
        }, 
        "Overall": {
            "Wall": 0.655312, 
            "CPU": 0.3633333333333333
        }
    }, 
    "32": {
        "Tree": {
            "Wall": 0.20588099999999998, 
            "CPU": 0.0
        }, 
        "Decode": {
            "Wall": 0.019233666666666666, 
            "CPU": 0.41
        }, 
        "Flush": {
            "Wall": 0.33647066666666664, 
            "CPU": 0.0
        }, 
        "Overall": {
            "Wall": 0.5624756666666667, 
            "CPU": 0.41
        }
    }, 
    "8": {
        "Tree": {
            "Wall": 0.007116333333333333, 
            "CPU": 0.0
        }, 
        "Decode": {
            "Wall": 0.6265733333333333, 
            "CPU": 0.3766666666666667
        }, 
        "Flush": {
            "Wall": 0.049793000000000004, 
            "CPU": 0.006666666666666667
        }, 
        "Overall": {
            "Wall": 0.6837050000000001, 
            "CPU": 0.3833333333333333
        }
    }, 
    "10": {
        "Tree": {
            "Wall": 0.006633333333333334, 
            "CPU": 0.0
        }, 
        "Decode": {
            "Wall": 0.23389866666666662, 
            "CPU": 0.35333333333333333
        }, 
        "Flush": {
            "Wall": 0.047947666666666666, 
            "CPU": 0.0033333333333333335
        }, 
        "Overall": {
            "Wall": 0.28886866666666666, 
            "CPU": 0.3566666666666667
        }
    }, 
    "12": {
        "Tree": {
            "Wall": 0.008332, 
            "CPU": 0.0033333333333333335
        }, 
        "Decode": {
            "Wall": 0.424542, 
            "CPU": 0.38000000000000006
        }, 
        "Flush": {
            "Wall": 0.049308, 
            "CPU": 0.0
        }, 
        "Overall": {
            "Wall": 0.48249433333333336, 
            "CPU": 0.3833333333333333
        }
    }, 
    "16": {
        "Tree": {
            "Wall": 0.007233, 
            "CPU": 0.0033333333333333335
        }, 
        "Decode": {
            "Wall": 0.244264, 
            "CPU": 0.37666666666666665
        }, 
        "Flush": {
            "Wall": 0.04645066666666666, 
            "CPU": 0.0033333333333333335
        }, 
        "Overall": {
            "Wall": 0.29816, 
            "CPU": 0.3866666666666667
        }
    }, 
    "20": {
        "Tree": {
            "Wall": 0.007644999999999999, 
            "CPU": 0.0
        }, 
        "Decode": {
            "Wall": 0.26934166666666665, 
            "CPU": 0.38999999999999996
        }, 
        "Flush": {
            "Wall": 0.05238266666666667, 
            "CPU": 0.0033333333333333335
        }, 
        "Overall": {
            "Wall": 0.32959733333333335, 
            "CPU": 0.39333333333333337
        }
    }, 
    "1": {
        "Tree": {
            "Wall": 0.011855333333333334, 
            "CPU": 0.0033333333333333335
        }, 
        "Decode": {
            "Wall": 0.5650043333333333, 
            "CPU": 0.3433333333333333
        }, 
        "Flush": {
            "Wall": 0.053940999999999996, 
            "CPU": 0.0
        }, 
        "Overall": {
            "Wall": 0.6351236666666668, 
            "CPU": 0.3466666666666667
        }
    }, 
    "24": {
        "Tree": {
            "Wall": 0.015454333333333334, 
            "CPU": 0.0
        }, 
        "Decode": {
            "Wall": 0.11303266666666667, 
            "CPU": 0.36000000000000004
        }, 
        "Flush": {
            "Wall": 0.050797666666666665, 
            "CPU": 0.0
        }, 
        "Overall": {
            "Wall": 0.179542, 
            "CPU": 0.36000000000000004
        }
    }
}