{
    "1": {
        "Frequencies": {
            "Wall": 0.539191, 
            "CPU": 0.3433333333333333
        }, 
        "Tree": {
            "Wall": 0.01623933333333333, 
            "CPU": 0.0033333333333333335
        }, 
        "Encode": {
            "Wall": 6.721069666666668, 
            "CPU": 6.703333333333333
        }, 
        "Flush": {
            "Wall": 0.4494823333333334, 
            "CPU": 0.02
        }, 
        "Overall": {
            "Wall": 7.726975666666667, 
            "CPU": 7.073333333333333
        }
    }, 
    "2": {
        "Frequencies": {
            "Wall": 0.20541900000000002, 
            "CPU": 0.3866666666666667
        }, 
        "Tree": {
            "Wall": 0.014009333333333332, 
            "CPU": 0.006666666666666667
        }, 
        "Encode": {
            "Wall": 3.4461413333333333, 
            "CPU": 6.88
        }, 
        "Flush": {
            "Wall": 0.401839, 
            "CPU": 0.02
        }, 
        "Overall": {
            "Wall": 4.068033666666667, 
            "CPU": 7.293333333333333
        }
    }, 
    "4": {
        "Frequencies": {
            "Wall": 0.13105566666666668, 
            "CPU": 0.47333333333333333
        }, 
        "Tree": {
            "Wall": 0.013903333333333335, 
            "CPU": 0.02
        }, 
        "Encode": {
            "Wall": 1.826683, 
            "CPU": 7.286666666666666
        }, 
        "Flush": {
            "Wall": 0.4304516666666667, 
            "CPU": 0.03333333333333333
        }, 
        "Overall": {
            "Wall": 2.4027523333333334, 
            "CPU": 7.813333333333333
        }
    }, 
    "6": {
        "Frequencies": {
            "Wall": 0.10861333333333334, 
            "CPU": 0.5633333333333334
        }, 
        "Tree": {
            "Wall": 0.017006666666666666, 
            "CPU": 0.023333333333333334
        }, 
        "Encode": {
            "Wall": 1.2448439999999998, 
            "CPU": 7.456666666666667
        }, 
        "Flush": {
            "Wall": 0.488384, 
            "CPU": 0.043333333333333335
        }, 
        "Overall": {
            "Wall": 1.8596390000000003, 
            "CPU": 8.086666666666666
        }
    }, 
    "8": {
        "Frequencies": {
            "Wall": 0.098865, 
            "CPU": 0.6666666666666666
        }, 
        "Tree": {
            "Wall": 0.017496333333333332, 
            "CPU": 0.04
        }, 
        "Encode": {
            "Wall": 0.9903046666666665, 
            "CPU": 7.8999999999999995
        }, 
        "Flush": {
            "Wall": 0.4470753333333333, 
            "CPU": 0.05333333333333334
        }, 
        "Overall": {
            "Wall": 1.554488, 
            "CPU": 8.663333333333334
        }
    }, 
    "10": {
        "Frequencies": {
            "Wall": 0.14194633333333334, 
            "CPU": 1.0166666666666666
        }, 
        "Tree": {
            "Wall": 0.042862333333333336, 
            "CPU": 0.05000000000000001
        }, 
        "Encode": {
            "Wall": 0.8152746666666667, 
            "CPU": 8.116666666666667
        }, 
        "Flush": {
            "Wall": 0.43178266666666665, 
            "CPU": 0.06
        }, 
        "Overall": {
            "Wall": 1.4324423333333334, 
            "CPU": 9.246666666666666
        }
    }, 
    "12": {
        "Frequencies": {
            "Wall": 0.145062, 
            "CPU": 1.22
        }, 
        "Tree": {
            "Wall": 0.015169666666666666, 
            "CPU": 0.06
        }, 
        "Encode": {
            "Wall": 0.6872816666666667, 
            "CPU": 8.216666666666667
        }, 
        "Flush": {
            "Wall": 0.4512913333333333, 
            "CPU": 0.07
        }, 
        "Overall": {
            "Wall": 1.2993926666666666, 
            "CPU": 9.573333333333334
        }
    }, 
    "16": {
        "Frequencies": {
            "Wall": 0.25899933333333336, 
            "CPU": 2.4766666666666666
        }, 
        "Tree": {
            "Wall": 0.025567999999999997, 
            "CPU": 0.08333333333333333
        }, 
        "Encode": {
            "Wall": 0.5415390000000001, 
            "CPU": 8.593333333333334
        }, 
        "Flush": {
            "Wall": 0.420083, 
            "CPU": 0.09000000000000001
        }, 
        "Overall": {
            "Wall": 1.2468266666666667, 
            "CPU": 11.25
        }
    }, 
    "20": {
        "Frequencies": {
            "Wall": 0.28878333333333334, 
            "CPU": 3.6666666666666665
        }, 
        "Tree": {
            "Wall": 0.021768333333333334, 
            "CPU": 0.10666666666666667
        }, 
        "Encode": {
            "Wall": 0.4856116666666666, 
            "CPU": 9.683333333333332
        }, 
        "Flush": {
            "Wall": 0.4339636666666667, 
            "CPU": 0.11
        }, 
        "Overall": {
            "Wall": 1.2307563333333333, 
            "CPU": 13.573333333333332
        }
    }, 
    "24": {
        "Frequencies": {
            "Wall": 0.46766833333333335, 
            "CPU": 6.739999999999999
        }, 
        "Tree": {
            "Wall": 0.032724, 
            "CPU": 0.12
        }, 
        "Encode": {
            "Wall": 0.6148473333333334, 
            "CPU": 12.44
        }, 
        "Flush": {
            "Wall": 0.42127933333333334, 
            "CPU": 0.12666666666666668
        }, 
        "Overall": {
            "Wall": 1.5375213333333333, 
            "CPU": 19.45
        }
    }
}