{
    "1": {
        "Tree": {
            "Wall": 0.05415266666666666, 
            "CPU": 0.0033333333333333335
        }, 
        "Decode": {
            "Wall": 3.530972333333333, 
            "CPU": 3.516666666666667
        }, 
        "Flush": {
            "Wall": 0.40581533333333336, 
            "CPU": 0.02
        }, 
        "Overall": {
            "Wall": 3.9914356666666664, 
            "CPU": 3.5399999999999996
        }
    }, 
    "2": {
        "Tree": {
            "Wall": 0.019613333333333333, 
            "CPU": 0.01
        }, 
        "Decode": {
            "Wall": 1.8481400000000001, 
            "CPU": 3.6366666666666667
        }, 
        "Flush": {
            "Wall": 0.3797393333333334, 
            "CPU": 0.016666666666666666
        }, 
        "Overall": {
            "Wall": 2.2478273333333334, 
            "CPU": 3.6633333333333336
        }
    }, 
    "4": {
        "Tree": {
            "Wall": 0.01822733333333333, 
            "CPU": 0.006666666666666667
        }, 
        "Decode": {
            "Wall": 1.0339323333333335, 
            "CPU": 3.766666666666666
        }, 
        "Flush": {
            "Wall": 0.40927033333333335, 
            "CPU": 0.02
        }, 
        "Overall": {
            "Wall": 1.4617813333333334, 
            "CPU": 3.796666666666667
        }
    }, 
    "6": {
        "Tree": {
            "Wall": 0.018219333333333334, 
            "CPU": 0.006666666666666667
        }, 
        "Decode": {
            "Wall": 0.7422590000000001, 
            "CPU": 3.8666666666666667
        }, 
        "Flush": {
            "Wall": 0.41475799999999996, 
            "CPU": 0.023333333333333334
        }, 
        "Overall": {
            "Wall": 1.1755856666666666, 
            "CPU": 3.8966666666666665
        }
    }, 
    "8": {
        "Tree": {
            "Wall": 0.018622333333333334, 
            "CPU": 0.0033333333333333335
        }, 
        "Decode": {
            "Wall": 0.72991, 
            "CPU": 3.81
        }, 
        "Flush": {
            "Wall": 0.41084566666666666, 
            "CPU": 0.02666666666666667
        }, 
        "Overall": {
            "Wall": 1.1596149999999998, 
            "CPU": 3.84
        }
    }, 
    "10": {
        "Tree": {
            "Wall": 0.018137333333333335, 
            "CPU": 0.006666666666666667
        }, 
        "Decode": {
            "Wall": 0.6557393333333333, 
            "CPU": 3.7999999999999994
        }, 
        "Flush": {
            "Wall": 0.41431599999999996, 
            "CPU": 0.02
        }, 
        "Overall": {
            "Wall": 1.08842, 
            "CPU": 3.8266666666666667
        }
    }, 
    "12": {
        "Tree": {
            "Wall": 0.019420666666666666, 
            "CPU": 0.01
        }, 
        "Decode": {
            "Wall": 0.620181, 
            "CPU": 3.78
        }, 
        "Flush": {
            "Wall": 0.37741399999999997, 
            "CPU": 0.02
        }, 
        "Overall": {
            "Wall": 1.0173433333333333, 
            "CPU": 3.81
        }
    }, 
    "16": {
        "Tree": {
            "Wall": 0.019357, 
            "CPU": 0.006666666666666667
        }, 
        "Decode": {
            "Wall": 0.48582366666666665, 
            "CPU": 3.7699999999999996
        }, 
        "Flush": {
            "Wall": 0.407184, 
            "CPU": 0.016666666666666666
        }, 
        "Overall": {
            "Wall": 0.9126656666666667, 
            "CPU": 3.793333333333333
        }
    }, 
    "20": {
        "Tree": {
            "Wall": 0.018467666666666667, 
            "CPU": 0.01
        }, 
        "Decode": {
            "Wall": 0.41694733333333334, 
            "CPU": 3.736666666666667
        }, 
        "Flush": {
            "Wall": 0.4010723333333333, 
            "CPU": 0.016666666666666666
        }, 
        "Overall": {
            "Wall": 0.8368639999999999, 
            "CPU": 3.763333333333333
        }
    }, 
    "24": {
        "Tree": {
            "Wall": 0.018478666666666668, 
            "CPU": 0.006666666666666667
        }, 
        "Decode": {
            "Wall": 0.3518543333333333, 
            "CPU": 3.733333333333333
        }, 
        "Flush": {
            "Wall": 0.4041713333333334, 
            "CPU": 0.023333333333333334
        }, 
        "Overall": {
            "Wall": 0.7747253333333334, 
            "CPU": 3.763333333333333
        }
    }
}