{
    "64": {
        "Frequencies": {
            "Wall": 0.9894236666666667, 
            "CPU": 62.43666666666667
        }, 
        "Tree": {
            "Wall": 0.09531933333333335, 
            "CPU": 0.85
        }, 
        "Encode": {
            "Wall": 4.276537, 
            "CPU": 269.9433333333333
        }, 
        "Flush": {
            "Wall": 3.289476333333333, 
            "CPU": 0.6533333333333333
        }, 
        "Overall": {
            "Wall": 8.655358999999999, 
            "CPU": 334.1566666666667
        }
    }, 
    "32": {
        "Frequencies": {
            "Wall": 0.6243613333333333, 
            "CPU": 19.84
        }, 
        "Tree": {
            "Wall": 0.085327, 
            "CPU": 0.44999999999999996
        }, 
        "Encode": {
            "Wall": 2.9360506666666666, 
            "CPU": 92.97000000000001
        }, 
        "Flush": {
            "Wall": 3.8159096666666668, 
            "CPU": 0.36333333333333334
        }, 
        "Overall": {
            "Wall": 7.467706666666667, 
            "CPU": 113.80333333333333
        }
    }, 
    "2": {
        "Frequencies": {
            "Wall": 1.986122, 
            "CPU": 3.956666666666667
        }, 
        "Tree": {
            "Wall": 0.075104, 
            "CPU": 0.04666666666666667
        }, 
        "Encode": {
            "Wall": 34.097003, 
            "CPU": 68.03
        }, 
        "Flush": {
            "Wall": 2.005430666666667, 
            "CPU": 0.049999999999999996
        }, 
        "Overall": {
            "Wall": 38.16792433333333, 
            "CPU": 72.10000000000001
        }
    }, 
    "4": {
        "Frequencies": {
            "Wall": 1.1719443333333335, 
            "CPU": 4.61
        }, 
        "Tree": {
            "Wall": 0.06989266666666667, 
            "CPU": 0.05000000000000001
        }, 
        "Encode": {
            "Wall": 17.735349, 
            "CPU": 70.78000000000002
        }, 
        "Flush": {
            "Wall": 3.525195333333334, 
            "CPU": 0.15
        }, 
        "Overall": {
            "Wall": 22.506629333333336, 
            "CPU": 75.60333333333334
        }
    }, 
    "6": {
        "Frequencies": {
            "Wall": 0.9390443333333334, 
            "CPU": 5.52
        }, 
        "Tree": {
            "Wall": 0.07636433333333333, 
            "CPU": 0.07333333333333335
        }, 
        "Encode": {
            "Wall": 12.654807666666665, 
            "CPU": 75.74666666666667
        }, 
        "Flush": {
            "Wall": 2.661791333333333, 
            "CPU": 0.11666666666666665
        }, 
        "Overall": {
            "Wall": 16.33637166666667, 
            "CPU": 81.48333333333333
        }
    }, 
    "1": {
        "Frequencies": {
            "Wall": 5.529430333333333, 
            "CPU": 3.5133333333333336
        }, 
        "Tree": {
            "Wall": 0.05554500000000001, 
            "CPU": 0.03333333333333333
        }, 
        "Encode": {
            "Wall": 67.175635, 
            "CPU": 67.01333333333334
        }, 
        "Flush": {
            "Wall": 0.34681266666666666, 
            "CPU": 0.013333333333333334
        }, 
        "Overall": {
            "Wall": 73.11198200000001, 
            "CPU": 70.58333333333333
        }
    }, 
    "8": {
        "Frequencies": {
            "Wall": 0.812687, 
            "CPU": 6.306666666666666
        }, 
        "Tree": {
            "Wall": 0.08081033333333333, 
            "CPU": 0.07666666666666667
        }, 
        "Encode": {
            "Wall": 9.87905, 
            "CPU": 78.83999999999999
        }, 
        "Flush": {
            "Wall": 3.4363943333333338, 
            "CPU": 0.15
        }, 
        "Overall": {
            "Wall": 14.21311, 
            "CPU": 85.40333333333335
        }
    }, 
    "10": {
        "Frequencies": {
            "Wall": 0.7575293333333333, 
            "CPU": 7.186666666666667
        }, 
        "Tree": {
            "Wall": 0.077637, 
            "CPU": 0.09333333333333334
        }, 
        "Encode": {
            "Wall": 8.236512, 
            "CPU": 82.16666666666667
        }, 
        "Flush": {
            "Wall": 4.680522, 
            "CPU": 0.18333333333333335
        }, 
        "Overall": {
            "Wall": 13.756451666666669, 
            "CPU": 89.67333333333333
        }
    }, 
    "12": {
        "Frequencies": {
            "Wall": 0.8788496666666666, 
            "CPU": 9.093333333333334
        }, 
        "Tree": {
            "Wall": 0.07621599999999999, 
            "CPU": 0.09666666666666668
        }, 
        "Encode": {
            "Wall": 7.004164, 
            "CPU": 83.84333333333333
        }, 
        "Flush": {
            "Wall": 4.656041, 
            "CPU": 0.19666666666666668
        }, 
        "Overall": {
            "Wall": 12.619557666666665, 
            "CPU": 93.27666666666666
        }
    }, 
    "48": {
        "Frequencies": {
            "Wall": 0.7056373333333333, 
            "CPU": 32.86
        }, 
        "Tree": {
            "Wall": 0.08537500000000002, 
            "CPU": 0.6533333333333333
        }, 
        "Encode": {
            "Wall": 5.939178000000001, 
            "CPU": 283.61
        }, 
        "Flush": {
            "Wall": 3.7703233333333337, 
            "CPU": 0.54
        }, 
        "Overall": {
            "Wall": 10.504646, 
            "CPU": 317.85333333333335
        }
    }, 
    "20": {
        "Frequencies": {
            "Wall": 0.8262870000000001, 
            "CPU": 14.363333333333335
        }, 
        "Tree": {
            "Wall": 0.08939066666666666, 
            "CPU": 0.1366666666666667
        }, 
        "Encode": {
            "Wall": 4.891525, 
            "CPU": 97.58
        }, 
        "Flush": {
            "Wall": 4.521105666666667, 
            "CPU": 0.17
        }, 
        "Overall": {
            "Wall": 10.334509, 
            "CPU": 112.36
        }
    }, 
    "24": {
        "Frequencies": {
            "Wall": 0.722768, 
            "CPU": 17.243333333333336
        }, 
        "Tree": {
            "Wall": 0.08506799999999999, 
            "CPU": 0.36333333333333334
        }, 
        "Encode": {
            "Wall": 3.981944, 
            "CPU": 94.10333333333334
        }, 
        "Flush": {
            "Wall": 3.013385, 
            "CPU": 0.26666666666666666
        }, 
        "Overall": {
            "Wall": 7.8097866666666675, 
            "CPU": 112.12
        }
    }, 
    "16": {
        "Frequencies": {
            "Wall": 0.90115, 
            "CPU": 11.823333333333332
        }, 
        "Tree": {
            "Wall": 0.07616633333333334, 
            "CPU": 0.11666666666666665
        }, 
        "Encode": {
            "Wall": 5.430667, 
            "CPU": 86.67999999999999
        }, 
        "Flush": {
            "Wall": 4.414018333333334, 
            "CPU": 0.19333333333333336
        }, 
        "Overall": {
            "Wall": 10.826064333333335, 
            "CPU": 98.87333333333333
        }
    }
}