{
    "1": {
        "Frequencies": {
            "Wall": 5.529430333333333, 
            "CPU": 3.5133333333333336
        }, 
        "Tree": {
            "Wall": 0.05554500000000001, 
            "CPU": 0.03333333333333333
        }, 
        "Encode": {
            "Wall": 67.175635, 
            "CPU": 67.01333333333334
        }, 
        "Flush": {
            "Wall": 0.34681266666666666, 
            "CPU": 0.013333333333333334
        }, 
        "Overall": {
            "Wall": 73.11198200000001, 
            "CPU": 70.58333333333333
        }
    }, 
    "2": {
        "Frequencies": {
            "Wall": 1.986122, 
            "CPU": 3.956666666666667
        }, 
        "Tree": {
            "Wall": 0.075104, 
            "CPU": 0.04666666666666667
        }, 
        "Encode": {
            "Wall": 34.097003, 
            "CPU": 68.03
        }, 
        "Flush": {
            "Wall": 2.005430666666667, 
            "CPU": 0.049999999999999996
        }, 
        "Overall": {
            "Wall": 38.16792433333333, 
            "CPU": 72.10000000000001
        }
    }, 
    "4": {
        "Frequencies": {
            "Wall": 1.1719443333333335, 
            "CPU": 4.61
        }, 
        "Tree": {
            "Wall": 0.06989266666666667, 
            "CPU": 0.05000000000000001
        }, 
        "Encode": {
            "Wall": 17.735349, 
            "CPU": 70.78000000000002
        }, 
        "Flush": {
            "Wall": 3.525195333333334, 
            "CPU": 0.15
        }, 
        "Overall": {
            "Wall": 22.506629333333336, 
            "CPU": 75.60333333333334
        }
    }, 
    "6": {
        "Frequencies": {
            "Wall": 0.9390443333333334, 
            "CPU": 5.52
        }, 
        "Tree": {
            "Wall": 0.07636433333333333, 
            "CPU": 0.07333333333333335
        }, 
        "Encode": {
            "Wall": 12.654807666666665, 
            "CPU": 75.74666666666667
        }, 
        "Flush": {
            "Wall": 2.661791333333333, 
            "CPU": 0.11666666666666665
        }, 
        "Overall": {
            "Wall": 16.33637166666667, 
            "CPU": 81.48333333333333
        }
    }, 
    "8": {
        "Frequencies": {
            "Wall": 0.812687, 
            "CPU": 6.306666666666666
        }, 
        "Tree": {
            "Wall": 0.08081033333333333, 
            "CPU": 0.07666666666666667
        }, 
        "Encode": {
            "Wall": 9.87905, 
            "CPU": 78.83999999999999
        }, 
        "Flush": {
            "Wall": 3.4363943333333338, 
            "CPU": 0.15
        }, 
        "Overall": {
            "Wall": 14.21311, 
            "CPU": 85.40333333333335
        }
    }, 
    "10": {
        "Frequencies": {
            "Wall": 0.7575293333333333, 
            "CPU": 7.186666666666667
        }, 
        "Tree": {
            "Wall": 0.077637, 
            "CPU": 0.09333333333333334
        }, 
        "Encode": {
            "Wall": 8.236512, 
            "CPU": 82.16666666666667
        }, 
        "Flush": {
            "Wall": 4.680522, 
            "CPU": 0.18333333333333335
        }, 
        "Overall": {
            "Wall": 13.756451666666669, 
            "CPU": 89.67333333333333
        }
    }, 
    "12": {
        "Frequencies": {
            "Wall": 0.8788496666666666, 
            "CPU": 9.093333333333334
        }, 
        "Tree": {
            "Wall": 0.07621599999999999, 
            "CPU": 0.09666666666666668
        }, 
        "Encode": {
            "Wall": 7.004164, 
            "CPU": 83.84333333333333
        }, 
        "Flush": {
            "Wall": 4.656041, 
            "CPU": 0.19666666666666668
        }, 
        "Overall": {
            "Wall": 12.619557666666665, 
            "CPU": 93.27666666666666
        }
    }, 
    "16": {
        "Frequencies": {
            "Wall": 0.90115, 
            "CPU": 11.823333333333332
        }, 
        "Tree": {
            "Wall": 0.07616633333333334, 
            "CPU": 0.11666666666666665
        }, 
        "Encode": {
            "Wall": 5.430667, 
            "CPU": 86.67999999999999
        }, 
        "Flush": {
            "Wall": 4.414018333333334, 
            "CPU": 0.19333333333333336
        }, 
        "Overall": {
            "Wall": 10.826064333333335, 
            "CPU": 98.87333333333333
        }
    }, 
    "20": {
        "Frequencies": {
            "Wall": 0.8262870000000001, 
            "CPU": 14.363333333333335
        }, 
        "Tree": {
            "Wall": 0.08939066666666666, 
            "CPU": 0.1366666666666667
        }, 
        "Encode": {
            "Wall": 4.891525, 
            "CPU": 97.58
        }, 
        "Flush": {
            "Wall": 4.521105666666667, 
            "CPU": 0.17
        }, 
        "Overall": {
            "Wall": 10.334509, 
            "CPU": 112.36
        }
    }, 
    "24": {
        "Frequencies": {
            "Wall": 1.1185923333333332, 
            "CPU": 22.436666666666667
        }, 
        "Tree": {
            "Wall": 0.08673700000000001, 
            "CPU": 0.16333333333333333
        }, 
        "Encode": {
            "Wall": 4.209750666666667, 
            "CPU": 100.76333333333332
        }, 
        "Flush": {
            "Wall": 4.323159333333334, 
            "CPU": 0.19333333333333333
        }, 
        "Overall": {
            "Wall": 9.742602333333332, 
            "CPU": 123.66000000000001
        }
    }
}