{
    "1": {
        "Tree": {
            "Wall": 0.10236233333333333, 
            "CPU": 0.060000000000000005
        }, 
        "Decode": {
            "Wall": 36.39467066666666, 
            "CPU": 35.833333333333336
        }, 
        "Flush": {
            "Wall": 1.1212636666666669, 
            "CPU": 0.049999999999999996
        }, 
        "Overall": {
            "Wall": 37.61886066666667, 
            "CPU": 35.946666666666665
        }
    }, 
    "2": {
        "Tree": {
            "Wall": 0.12364466666666667, 
            "CPU": 0.09000000000000001
        }, 
        "Decode": {
            "Wall": 18.594089, 
            "CPU": 36.44
        }, 
        "Flush": {
            "Wall": 3.7928376666666668, 
            "CPU": 0.14
        }, 
        "Overall": {
            "Wall": 22.511309666666666, 
            "CPU": 36.67
        }
    }, 
    "4": {
        "Tree": {
            "Wall": 0.11826933333333334, 
            "CPU": 0.07333333333333335
        }, 
        "Decode": {
            "Wall": 9.873576666666665, 
            "CPU": 37.419999999999995
        }, 
        "Flush": {
            "Wall": 3.508869666666667, 
            "CPU": 0.16333333333333333
        }, 
        "Overall": {
            "Wall": 13.501193666666666, 
            "CPU": 37.656666666666666
        }
    }, 
    "6": {
        "Tree": {
            "Wall": 0.12196266666666666, 
            "CPU": 0.09000000000000001
        }, 
        "Decode": {
            "Wall": 6.980032333333334, 
            "CPU": 38.42666666666667
        }, 
        "Flush": {
            "Wall": 4.231185333333333, 
            "CPU": 0.20000000000000004
        }, 
        "Overall": {
            "Wall": 11.333894666666666, 
            "CPU": 38.71666666666666
        }
    }, 
    "8": {
        "Tree": {
            "Wall": 0.126936, 
            "CPU": 0.07666666666666667
        }, 
        "Decode": {
            "Wall": 5.458066, 
            "CPU": 38.79333333333333
        }, 
        "Flush": {
            "Wall": 4.449643666666667, 
            "CPU": 0.20000000000000004
        }, 
        "Overall": {
            "Wall": 10.035187666666667, 
            "CPU": 39.07
        }
    }, 
    "10": {
        "Tree": {
            "Wall": 0.130665, 
            "CPU": 0.09333333333333334
        }, 
        "Decode": {
            "Wall": 4.707142999999999, 
            "CPU": 39.32333333333333
        }, 
        "Flush": {
            "Wall": 4.486873666666667, 
            "CPU": 0.20333333333333334
        }, 
        "Overall": {
            "Wall": 9.325502, 
            "CPU": 39.620000000000005
        }
    }, 
    "12": {
        "Tree": {
            "Wall": 0.11821833333333333, 
            "CPU": 0.08333333333333333
        }, 
        "Decode": {
            "Wall": 5.739458666666667, 
            "CPU": 39.45333333333333
        }, 
        "Flush": {
            "Wall": 3.7822999999999998, 
            "CPU": 0.16333333333333333
        }, 
        "Overall": {
            "Wall": 9.640498666666668, 
            "CPU": 39.7
        }
    }, 
    "16": {
        "Tree": {
            "Wall": 0.171417, 
            "CPU": 0.07333333333333335
        }, 
        "Decode": {
            "Wall": 6.969652666666666, 
            "CPU": 39.52666666666667
        }, 
        "Flush": {
            "Wall": 4.0389946666666665, 
            "CPU": 0.16666666666666666
        }, 
        "Overall": {
            "Wall": 11.182196666666664, 
            "CPU": 39.76666666666667
        }
    }, 
    "20": {
        "Tree": {
            "Wall": 0.11290766666666667, 
            "CPU": 0.07333333333333335
        }, 
        "Decode": {
            "Wall": 6.499073333333334, 
            "CPU": 39.446666666666665
        }, 
        "Flush": {
            "Wall": 4.456748666666667, 
            "CPU": 0.19000000000000003
        }, 
        "Overall": {
            "Wall": 11.069170666666666, 
            "CPU": 39.71
        }
    }, 
    "24": {
        "Tree": {
            "Wall": 0.11169366666666665, 
            "CPU": 0.07333333333333335
        }, 
        "Decode": {
            "Wall": 5.4733480000000005, 
            "CPU": 39.97
        }, 
        "Flush": {
            "Wall": 4.435685333333334, 
            "CPU": 0.19666666666666668
        }, 
        "Overall": {
            "Wall": 10.021374333333332, 
            "CPU": 40.24
        }
    }
}