{
    "64": {
        "Frequencies": {
            "Wall": 0.09514866666666667, 
            "CPU": 5.843333333333334
        }, 
        "Tree": {
            "Wall": 0.014168333333333333, 
            "CPU": 0.8066666666666666
        }, 
        "Encode": {
            "Wall": 0.2490946666666667, 
            "CPU": 8.833333333333334
        }, 
        "Flush": {
            "Wall": 0.3761320000000001, 
            "CPU": 0.02
        }, 
        "Overall": {
            "Wall": 0.7351613333333332, 
            "CPU": 15.506666666666668
        }
    }, 
    "32": {
        "Frequencies": {
            "Wall": 0.06609566666666666, 
            "CPU": 2.013333333333333
        }, 
        "Tree": {
            "Wall": 0.016021333333333332, 
            "CPU": 0.32666666666666666
        }, 
        "Encode": {
            "Wall": 0.32721866666666666, 
            "CPU": 6.86
        }, 
        "Flush": {
            "Wall": 0.36055666666666664, 
            "CPU": 0.013333333333333334
        }, 
        "Overall": {
            "Wall": 0.77117, 
            "CPU": 9.219999999999999
        }
    }, 
    "2": {
        "Frequencies": {
            "Wall": 0.18445266666666668, 
            "CPU": 0.35333333333333333
        }, 
        "Tree": {
            "Wall": 0.016326666666666666, 
            "CPU": 0.006666666666666667
        }, 
        "Encode": {
            "Wall": 6.037131, 
            "CPU": 6.206666666666667
        }, 
        "Flush": {
            "Wall": 0.3618966666666667, 
            "CPU": 0.013333333333333334
        }, 
        "Overall": {
            "Wall": 6.600675333333334, 
            "CPU": 6.580000000000001
        }
    }, 
    "4": {
        "Frequencies": {
            "Wall": 0.11299533333333334, 
            "CPU": 0.42333333333333334
        }, 
        "Tree": {
            "Wall": 0.015538999999999999, 
            "CPU": 0.02
        }, 
        "Encode": {
            "Wall": 1.6635289999999998, 
            "CPU": 6.283333333333332
        }, 
        "Flush": {
            "Wall": 0.36578299999999997, 
            "CPU": 0.023333333333333334
        }, 
        "Overall": {
            "Wall": 2.1585463333333332, 
            "CPU": 6.75
        }
    }, 
    "6": {
        "Frequencies": {
            "Wall": 0.09119066666666666, 
            "CPU": 0.49333333333333335
        }, 
        "Tree": {
            "Wall": 0.016572666666666666, 
            "CPU": 0.03333333333333333
        }, 
        "Encode": {
            "Wall": 1.1508656666666666, 
            "CPU": 6.266666666666666
        }, 
        "Flush": {
            "Wall": 0.3628546666666667, 
            "CPU": 0.013333333333333334
        }, 
        "Overall": {
            "Wall": 1.6221963333333331, 
            "CPU": 6.806666666666666
        }
    }, 
    "1": {
        "Frequencies": {
            "Wall": 0.4465153333333333, 
            "CPU": 0.31
        }, 
        "Tree": {
            "Wall": 0.012269, 
            "CPU": 0.0033333333333333335
        }, 
        "Encode": {
            "Wall": 6.079198666666667, 
            "CPU": 6.0633333333333335
        }, 
        "Flush": {
            "Wall": 0.26553133333333334, 
            "CPU": 0.01
        }, 
        "Overall": {
            "Wall": 6.804704666666667, 
            "CPU": 6.386666666666667
        }
    }, 
    "8": {
        "Frequencies": {
            "Wall": 0.09136533333333334, 
            "CPU": 0.5866666666666666
        }, 
        "Tree": {
            "Wall": 0.015548666666666667, 
            "CPU": 0.04
        }, 
        "Encode": {
            "Wall": 0.890596, 
            "CPU": 6.25
        }, 
        "Flush": {
            "Wall": 0.36055, 
            "CPU": 0.023333333333333334
        }, 
        "Overall": {
            "Wall": 1.358867, 
            "CPU": 6.8999999999999995
        }
    }, 
    "10": {
        "Frequencies": {
            "Wall": 0.086968, 
            "CPU": 0.6866666666666666
        }, 
        "Tree": {
            "Wall": 0.01689533333333333, 
            "CPU": 0.04666666666666667
        }, 
        "Encode": {
            "Wall": 0.7352293333333333, 
            "CPU": 6.239999999999999
        }, 
        "Flush": {
            "Wall": 0.36069900000000005, 
            "CPU": 0.01
        }, 
        "Overall": {
            "Wall": 1.2004270000000001, 
            "CPU": 6.986666666666667
        }
    }, 
    "12": {
        "Frequencies": {
            "Wall": 0.07393133333333334, 
            "CPU": 0.7466666666666667
        }, 
        "Tree": {
            "Wall": 0.016245, 
            "CPU": 0.056666666666666664
        }, 
        "Encode": {
            "Wall": 0.6420843333333334, 
            "CPU": 6.396666666666666
        }, 
        "Flush": {
            "Wall": 0.36498333333333327, 
            "CPU": 0.016666666666666666
        }, 
        "Overall": {
            "Wall": 1.0980670000000001, 
            "CPU": 7.216666666666666
        }
    }, 
    "48": {
        "Frequencies": {
            "Wall": 0.07037266666666668, 
            "CPU": 3.2266666666666666
        }, 
        "Tree": {
            "Wall": 0.013096000000000002, 
            "CPU": 0.5800000000000001
        }, 
        "Encode": {
            "Wall": 0.285369, 
            "CPU": 8.296666666666667
        }, 
        "Flush": {
            "Wall": 0.352504, 
            "CPU": 0.01
        }, 
        "Overall": {
            "Wall": 0.7218423333333334, 
            "CPU": 12.113333333333332
        }
    }, 
    "20": {
        "Frequencies": {
            "Wall": 0.069178, 
            "CPU": 1.1133333333333335
        }, 
        "Tree": {
            "Wall": 0.016364, 
            "CPU": 0.10000000000000002
        }, 
        "Encode": {
            "Wall": 0.4383376666666667, 
            "CPU": 6.646666666666667
        }, 
        "Flush": {
            "Wall": 0.3626226666666666, 
            "CPU": 0.02
        }, 
        "Overall": {
            "Wall": 0.8877333333333333, 
            "CPU": 7.883333333333333
        }
    }, 
    "24": {
        "Frequencies": {
            "Wall": 0.07542433333333333, 
            "CPU": 1.36
        }, 
        "Tree": {
            "Wall": 0.018052666666666665, 
            "CPU": 0.11666666666666665
        }, 
        "Encode": {
            "Wall": 0.38615200000000005, 
            "CPU": 6.82
        }, 
        "Flush": {
            "Wall": 0.3616143333333333, 
            "CPU": 0.016666666666666666
        }, 
        "Overall": {
            "Wall": 0.8418486666666666, 
            "CPU": 8.313333333333334
        }
    }, 
    "16": {
        "Frequencies": {
            "Wall": 0.068293, 
            "CPU": 0.9066666666666667
        }, 
        "Tree": {
            "Wall": 0.016715999999999998, 
            "CPU": 0.08
        }, 
        "Encode": {
            "Wall": 0.5210173333333333, 
            "CPU": 6.563333333333333
        }, 
        "Flush": {
            "Wall": 0.366937, 
            "CPU": 0.016666666666666666
        }, 
        "Overall": {
            "Wall": 0.9736336666666666, 
            "CPU": 7.566666666666667
        }
    }
}