{
    "64": {
        "Frequencies": {
            "Wall": 0.4236233333333333, 
            "CPU": 26.813333333333333
        }, 
        "Tree": {
            "Wall": 0.05080333333333333, 
            "CPU": 0.8266666666666667
        }, 
        "Encode": {
            "Wall": 1.2332676666666667, 
            "CPU": 78.71666666666667
        }, 
        "Flush": {
            "Wall": 1.8212499999999998, 
            "CPU": 0.3466666666666667
        }, 
        "Overall": {
            "Wall": 3.5377913333333333, 
            "CPU": 107.25
        }
    }, 
    "32": {
        "Frequencies": {
            "Wall": 0.30338933333333334, 
            "CPU": 9.573333333333334
        }, 
        "Tree": {
            "Wall": 0.04584066666666667, 
            "CPU": 0.42333333333333334
        }, 
        "Encode": {
            "Wall": 1.385699, 
            "CPU": 43.95666666666667
        }, 
        "Flush": {
            "Wall": 1.9296193333333331, 
            "CPU": 0.3233333333333333
        }, 
        "Overall": {
            "Wall": 3.6693456666666666, 
            "CPU": 54.42333333333334
        }
    }, 
    "2": {
        "Frequencies": {
            "Wall": 0.9572306666666668, 
            "CPU": 1.9033333333333333
        }, 
        "Tree": {
            "Wall": 0.03968066666666666, 
            "CPU": 0.023333333333333334
        }, 
        "Encode": {
            "Wall": 16.604615666666664, 
            "CPU": 33.13333333333333
        }, 
        "Flush": {
            "Wall": 0.7791989999999999, 
            "CPU": 0.023333333333333334
        }, 
        "Overall": {
            "Wall": 18.383066, 
            "CPU": 35.083333333333336
        }
    }, 
    "4": {
        "Frequencies": {
            "Wall": 0.5927946666666667, 
            "CPU": 2.316666666666667
        }, 
        "Tree": {
            "Wall": 0.086017, 
            "CPU": 0.03333333333333333
        }, 
        "Encode": {
            "Wall": 8.681739, 
            "CPU": 34.65
        }, 
        "Flush": {
            "Wall": 2.1330406666666666, 
            "CPU": 0.09666666666666668
        }, 
        "Overall": {
            "Wall": 11.495923666666668, 
            "CPU": 37.1
        }
    }, 
    "6": {
        "Frequencies": {
            "Wall": 0.4666513333333333, 
            "CPU": 2.6999999999999997
        }, 
        "Tree": {
            "Wall": 0.04407266666666667, 
            "CPU": 0.043333333333333335
        }, 
        "Encode": {
            "Wall": 6.245651, 
            "CPU": 37.38666666666666
        }, 
        "Flush": {
            "Wall": 1.5924636666666665, 
            "CPU": 0.08333333333333333
        }, 
        "Overall": {
            "Wall": 8.351145, 
            "CPU": 40.22666666666667
        }
    }, 
    "1": {
        "Frequencies": {
            "Wall": 2.560402, 
            "CPU": 1.6266666666666667
        }, 
        "Tree": {
            "Wall": 0.032334666666666664, 
            "CPU": 0.013333333333333334
        }, 
        "Encode": {
            "Wall": 32.38253433333333, 
            "CPU": 32.303333333333335
        }, 
        "Flush": {
            "Wall": 0.7974663333333334, 
            "CPU": 0.02666666666666667
        }, 
        "Overall": {
            "Wall": 35.775295, 
            "CPU": 33.97333333333333
        }
    }, 
    "8": {
        "Frequencies": {
            "Wall": 0.41703433333333334, 
            "CPU": 3.1266666666666665
        }, 
        "Tree": {
            "Wall": 0.04523033333333334, 
            "CPU": 0.05333333333333334
        }, 
        "Encode": {
            "Wall": 4.862414333333334, 
            "CPU": 38.809999999999995
        }, 
        "Flush": {
            "Wall": 2.232013, 
            "CPU": 0.11666666666666665
        }, 
        "Overall": {
            "Wall": 7.5588820000000005, 
            "CPU": 42.123333333333335
        }
    }, 
    "10": {
        "Frequencies": {
            "Wall": 0.37303266666666673, 
            "CPU": 3.4933333333333336
        }, 
        "Tree": {
            "Wall": 0.05327099999999999, 
            "CPU": 0.06666666666666667
        }, 
        "Encode": {
            "Wall": 4.058836, 
            "CPU": 40.47666666666667
        }, 
        "Flush": {
            "Wall": 1.2673286666666668, 
            "CPU": 0.08
        }, 
        "Overall": {
            "Wall": 5.754776666666667, 
            "CPU": 44.14333333333334
        }
    }, 
    "12": {
        "Frequencies": {
            "Wall": 0.444506, 
            "CPU": 4.493333333333333
        }, 
        "Tree": {
            "Wall": 0.041426, 
            "CPU": 0.08
        }, 
        "Encode": {
            "Wall": 3.4132496666666667, 
            "CPU": 40.85666666666666
        }, 
        "Flush": {
            "Wall": 2.182500333333333, 
            "CPU": 0.12333333333333334
        }, 
        "Overall": {
            "Wall": 6.085726, 
            "CPU": 45.57666666666666
        }
    }, 
    "48": {
        "Frequencies": {
            "Wall": 0.31624199999999997, 
            "CPU": 14.993333333333334
        }, 
        "Tree": {
            "Wall": 0.047523, 
            "CPU": 0.6233333333333332
        }, 
        "Encode": {
            "Wall": 3.187189, 
            "CPU": 152.22333333333333
        }, 
        "Flush": {
            "Wall": 1.8220163333333332, 
            "CPU": 0.43
        }, 
        "Overall": {
            "Wall": 5.378193333333333, 
            "CPU": 168.51333333333332
        }
    }, 
    "20": {
        "Frequencies": {
            "Wall": 0.5366043333333333, 
            "CPU": 8.223333333333333
        }, 
        "Tree": {
            "Wall": 0.04177733333333333, 
            "CPU": 0.11666666666666665
        }, 
        "Encode": {
            "Wall": 2.3852903333333333, 
            "CPU": 47.583333333333336
        }, 
        "Flush": {
            "Wall": 2.1764553333333336, 
            "CPU": 0.13333333333333333
        }, 
        "Overall": {
            "Wall": 5.143065, 
            "CPU": 56.11000000000001
        }
    }, 
    "24": {
        "Frequencies": {
            "Wall": 0.348325, 
            "CPU": 8.276666666666666
        }, 
        "Tree": {
            "Wall": 0.046361000000000006, 
            "CPU": 0.33
        }, 
        "Encode": {
            "Wall": 1.9293819999999997, 
            "CPU": 45.843333333333334
        }, 
        "Flush": {
            "Wall": 1.4724746666666666, 
            "CPU": 0.26666666666666666
        }, 
        "Overall": {
            "Wall": 3.800253, 
            "CPU": 54.800000000000004
        }
    }, 
    "16": {
        "Frequencies": {
            "Wall": 0.6276113333333334, 
            "CPU": 7.25
        }, 
        "Tree": {
            "Wall": 0.07269866666666668, 
            "CPU": 0.09000000000000001
        }, 
        "Encode": {
            "Wall": 2.6615566666666663, 
            "CPU": 42.48
        }, 
        "Flush": {
            "Wall": 2.205453, 
            "CPU": 0.12666666666666668
        }, 
        "Overall": {
            "Wall": 5.569842, 
            "CPU": 49.98333333333333
        }
    }
}