{
    "1": {
        "Tree": {
            "Wall": 0.034006, 
            "CPU": 0.006666666666666667
        }, 
        "Decode": {
            "Wall": 6.874381, 
            "CPU": 6.8566666666666665
        }, 
        "Flush": {
            "Wall": 0.7065783333333333, 
            "CPU": 0.036666666666666674
        }, 
        "Overall": {
            "Wall": 7.615473333333333, 
            "CPU": 6.8999999999999995
        }
    }, 
    "2": {
        "Tree": {
            "Wall": 0.031656666666666666, 
            "CPU": 0.013333333333333334
        }, 
        "Decode": {
            "Wall": 33.36593666666667, 
            "CPU": 7.203333333333333
        }, 
        "Flush": {
            "Wall": 0.24726, 
            "CPU": 0.01
        }, 
        "Overall": {
            "Wall": 33.64528333333333, 
            "CPU": 7.226666666666667
        }
    }, 
    "4": {
        "Tree": {
            "Wall": 0.033034, 
            "CPU": 0.02
        }, 
        "Decode": {
            "Wall": 14.883513, 
            "CPU": 6.97
        }, 
        "Flush": {
            "Wall": 0.33262, 
            "CPU": 0.013333333333333334
        }, 
        "Overall": {
            "Wall": 15.249806000000001, 
            "CPU": 7.003333333333333
        }
    }, 
    "6": {
        "Tree": {
            "Wall": 0.03176433333333334, 
            "CPU": 0.016666666666666666
        }, 
        "Decode": {
            "Wall": 10.785978333333333, 
            "CPU": 7.13
        }, 
        "Flush": {
            "Wall": 0.810202, 
            "CPU": 0.04
        }, 
        "Overall": {
            "Wall": 11.628246666666668, 
            "CPU": 7.186666666666667
        }
    }, 
    "8": {
        "Tree": {
            "Wall": 0.029925999999999998, 
            "CPU": 0.013333333333333334
        }, 
        "Decode": {
            "Wall": 12.377321666666667, 
            "CPU": 7.6066666666666665
        }, 
        "Flush": {
            "Wall": 0.610317, 
            "CPU": 0.03
        }, 
        "Overall": {
            "Wall": 13.018140333333335, 
            "CPU": 7.650000000000001
        }
    }, 
    "10": {
        "Tree": {
            "Wall": 0.029442333333333334, 
            "CPU": 0.013333333333333334
        }, 
        "Decode": {
            "Wall": 9.906600333333333, 
            "CPU": 7.626666666666668
        }, 
        "Flush": {
            "Wall": 0.8248566666666667, 
            "CPU": 0.03333333333333333
        }, 
        "Overall": {
            "Wall": 10.761201333333332, 
            "CPU": 7.673333333333333
        }
    }, 
    "12": {
        "Tree": {
            "Wall": 0.04022066666666666, 
            "CPU": 0.016666666666666666
        }, 
        "Decode": {
            "Wall": 8.348209333333335, 
            "CPU": 7.68
        }, 
        "Flush": {
            "Wall": 0.8012790000000001, 
            "CPU": 0.043333333333333335
        }, 
        "Overall": {
            "Wall": 9.192098, 
            "CPU": 7.739999999999999
        }
    }, 
    "16": {
        "Tree": {
            "Wall": 0.030294666666666664, 
            "CPU": 0.02
        }, 
        "Decode": {
            "Wall": 2.8794193333333333, 
            "CPU": 7.41
        }, 
        "Flush": {
            "Wall": 0.751255, 
            "CPU": 0.04
        }, 
        "Overall": {
            "Wall": 3.661278333333333, 
            "CPU": 7.47
        }
    }, 
    "20": {
        "Tree": {
            "Wall": 0.03209833333333333, 
            "CPU": 0.013333333333333334
        }, 
        "Decode": {
            "Wall": 5.046467666666667, 
            "CPU": 7.900000000000001
        }, 
        "Flush": {
            "Wall": 0.6122770000000001, 
            "CPU": 0.03
        }, 
        "Overall": {
            "Wall": 5.691152333333332, 
            "CPU": 7.9433333333333325
        }
    }, 
    "24": {
        "Tree": {
            "Wall": 0.02980266666666667, 
            "CPU": 0.016666666666666666
        }, 
        "Decode": {
            "Wall": 3.6954926666666665, 
            "CPU": 7.726666666666667
        }, 
        "Flush": {
            "Wall": 0.7487403333333332, 
            "CPU": 0.030000000000000002
        }, 
        "Overall": {
            "Wall": 4.474703666666667, 
            "CPU": 7.773333333333333
        }
    }
}