{
    "1": {
        "2": {
            "0": {
                "Frequencies": {
                    "Wall": 27.232285333333365, 
                    "CPU": 1.2333333333333218
                }, 
                "Tree": {
                    "Wall": 40.05347400000003, 
                    "CPU": 7.116666666666833
                }, 
                "Encode": {
                    "Wall": 3.232844666666678, 
                    "CPU": 3.8833333333332773
                }, 
                "Flush": {
                    "Wall": 71.70980500000022, 
                    "CPU": 9.52000000000055
                }, 
                "Overall": {
                    "Wall": 207.13720233333333, 
                    "CPU": 23.01
                }
            }
        }, 
        "4": {
            "0": {
                "Frequencies": {
                    "Wall": 31.72761166666666, 
                    "CPU": 8.83666666666687
                }, 
                "Tree": {
                    "Wall": 37.14115633333328, 
                    "CPU": 20.456666666666496
                }, 
                "Encode": {
                    "Wall": 8.322234333333302, 
                    "CPU": 12.883333333333313
                }, 
                "Flush": {
                    "Wall": 69.26464633333337, 
                    "CPU": 27.19333333333428
                }, 
                "Overall": {
                    "Wall": 222.322223, 
                    "CPU": 72.05999999999999
                }
            }
        }, 
        "1": {
            "0": {
                "Frequencies": {
                    "Wall": 33.68382066666662, 
                    "CPU": 0.25333333333333347
                }, 
                "Tree": {
                    "Wall": 48.1787673333333, 
                    "CPU": 0.30666666666666687
                }, 
                "Encode": {
                    "Wall": 4.326426666666658, 
                    "CPU": 2.5966666666666347
                }, 
                "Flush": {
                    "Wall": 82.14246766666672, 
                    "CPU": 0.1600000000000001
                }, 
                "Overall": {
                    "Wall": 273.15622633333334, 
                    "CPU": 4.226666666666667
                }
            }
        }
    }, 
    "2": {
        "4": {
            "0": {
                "Frequencies": {
                    "Wall": 14.35076133333334, 
                    "CPU": 4.026666666666618
                }, 
                "Tree": {
                    "Wall": 20.444219666666744, 
                    "CPU": 12.943333333333568
                }, 
                "Encode": {
                    "Wall": 3.6949929999999984, 
                    "CPU": 6.17666666666673
                }, 
                "Flush": {
                    "Wall": 35.069497333333416, 
                    "CPU": 14.656666666666924
                }, 
                "Overall": {
                    "Wall": 124.393596, 
                    "CPU": 39.14666666666667
                }
            }, 
            "1": {
                "Frequencies": {
                    "Wall": 12.479947666666673, 
                    "CPU": 3.1733333333332996
                }, 
                "Tree": {
                    "Wall": 17.669122666666674, 
                    "CPU": 11.400000000000302
                }, 
                "Encode": {
                    "Wall": 3.0369243333333333, 
                    "CPU": 5.293333333333285
                }, 
                "Flush": {
                    "Wall": 30.237966000000032, 
                    "CPU": 12.490000000000224
                }, 
                "Overall": {
                    "Wall": 113.29025966666666, 
                    "CPU": 72.21333333333332
                }
            }
        }, 
        "2": {
            "0": {
                "Frequencies": {
                    "Wall": 13.41001766666666, 
                    "CPU": 1.1433333333333247
                }, 
                "Tree": {
                    "Wall": 25.570781666666665, 
                    "CPU": 4.946666666666577
                }, 
                "Encode": {
                    "Wall": 2.538139666666666, 
                    "CPU": 2.646666666666632
                }, 
                "Flush": {
                    "Wall": 39.73633900000006, 
                    "CPU": 5.203333333333238
                }, 
                "Overall": {
                    "Wall": 116.78913433333332, 
                    "CPU": 14.6
                }
            }, 
            "1": {
                "Frequencies": {
                    "Wall": 11.247944666666674, 
                    "CPU": 0.9999999999999946
                }, 
                "Tree": {
                    "Wall": 20.778034333333334, 
                    "CPU": 4.033333333333263
                }, 
                "Encode": {
                    "Wall": 2.360851333333337, 
                    "CPU": 2.4633333333333036
                }, 
                "Flush": {
                    "Wall": 34.541216333333416, 
                    "CPU": 4.843333333333246
                }, 
                "Overall": {
                    "Wall": 102.71035333333333, 
                    "CPU": 30.583333333333332
                }
            }
        }, 
        "1": {
            "0": {
                "Frequencies": {
                    "Wall": 14.244403666666694, 
                    "CPU": 0.13666666666666674
                }, 
                "Tree": {
                    "Wall": 29.325968000000056, 
                    "CPU": 0.15000000000000008
                }, 
                "Encode": {
                    "Wall": 1.608260333333334, 
                    "CPU": 1.383333333333322
                }, 
                "Flush": {
                    "Wall": 59.24560400000007, 
                    "CPU": 0.09666666666666669
                }, 
                "Overall": {
                    "Wall": 160.94713366666664, 
                    "CPU": 2.2600000000000002
                }
            }, 
            "1": {
                "Frequencies": {
                    "Wall": 13.230930000000003, 
                    "CPU": 0.12000000000000005
                }, 
                "Tree": {
                    "Wall": 26.92907266666666, 
                    "CPU": 0.18666666666666676
                }, 
                "Encode": {
                    "Wall": 1.673474333333332, 
                    "CPU": 1.3733333333333235
                }, 
                "Flush": {
                    "Wall": 57.226677333333384, 
                    "CPU": 0.09000000000000002
                }, 
                "Overall": {
                    "Wall": 153.97293233333332, 
                    "CPU": 41.02333333333333
                }
            }
        }
    }, 
    "4": {
        "1": {
            "0": {
                "Frequencies": {
                    "Wall": 10.314813333333321, 
                    "CPU": 0.08333333333333336
                }, 
                "Tree": {
                    "Wall": 13.085420666666677, 
                    "CPU": 0.05666666666666667
                }, 
                "Encode": {
                    "Wall": 0.757420666666666, 
                    "CPU": 0.6866666666666669
                }, 
                "Flush": {
                    "Wall": 23.430228666666636, 
                    "CPU": 0.02666666666666667
                }, 
                "Overall": {
                    "Wall": 74.09073233333334, 
                    "CPU": 1.16
                }
            }, 
            "1": {
                "Frequencies": {
                    "Wall": 11.119817333333337, 
                    "CPU": 0.08666666666666668
                }, 
                "Tree": {
                    "Wall": 16.930069666666668, 
                    "CPU": 0.08666666666666668
                },