{
    "64": {
        "Tree": {
            "Wall": 0.25187733333333334, 
            "CPU": 0.19000000000000003
        }, 
        "Decode": {
            "Wall": 5.6714096666666665, 
            "CPU": 362.04333333333335
        }, 
        "Flush": {
            "Wall": 9.039687666666666, 
            "CPU": 1.23
        }, 
        "Overall": {
            "Wall": 14.964182333333333, 
            "CPU": 363.53666666666663
        }
    }, 
    "48": {
        "Tree": {
            "Wall": 0.2157686666666667, 
            "CPU": 0.16
        }, 
        "Decode": {
            "Wall": 3.0720449999999997, 
            "CPU": 147.07666666666668
        }, 
        "Flush": {
            "Wall": 8.894317333333333, 
            "CPU": 1.0433333333333332
        }, 
        "Overall": {
            "Wall": 12.183479333333333, 
            "CPU": 148.32666666666668
        }
    }, 
    "2": {
        "Tree": {
            "Wall": 0.20206000000000002, 
            "CPU": 0.15333333333333335
        }, 
        "Decode": {
            "Wall": 38.407946333333335, 
            "CPU": 75.34333333333333
        }, 
        "Flush": {
            "Wall": 4.640746333333333, 
            "CPU": 0.18666666666666668
        }, 
        "Overall": {
            "Wall": 43.251672333333325, 
            "CPU": 75.68333333333334
        }
    }, 
    "4": {
        "Tree": {
            "Wall": 0.21969933333333333, 
            "CPU": 0.15333333333333335
        }, 
        "Decode": {
            "Wall": 19.764353, 
            "CPU": 75.25
        }, 
        "Flush": {
            "Wall": 7.599879333333334, 
            "CPU": 0.3033333333333333
        }, 
        "Overall": {
            "Wall": 27.584881999999997, 
            "CPU": 75.70666666666666
        }
    }, 
    "6": {
        "Tree": {
            "Wall": 0.20820833333333333, 
            "CPU": 0.1466666666666667
        }, 
        "Decode": {
            "Wall": 13.839614, 
            "CPU": 77.05333333333333
        }, 
        "Flush": {
            "Wall": 9.222893, 
            "CPU": 0.38999999999999996
        }, 
        "Overall": {
            "Wall": 23.271488333333334, 
            "CPU": 77.59
        }
    }, 
    "32": {
        "Tree": {
            "Wall": 0.22556733333333334, 
            "CPU": 0.1366666666666667
        }, 
        "Decode": {
            "Wall": 29.058531666666667, 
            "CPU": 919.91
        }, 
        "Flush": {
            "Wall": 8.348365333333334, 
            "CPU": 0.8033333333333333
        }, 
        "Overall": {
            "Wall": 37.633771333333335, 
            "CPU": 920.8733333333333
        }
    }, 
    "8": {
        "Tree": {
            "Wall": 0.20046399999999998, 
            "CPU": 0.1366666666666667
        }, 
        "Decode": {
            "Wall": 10.908246999999998, 
            "CPU": 78.33333333333333
        }, 
        "Flush": {
            "Wall": 7.480882666666666, 
            "CPU": 0.31666666666666665
        }, 
        "Overall": {
            "Wall": 18.590351333333334, 
            "CPU": 78.79
        }
    }, 
    "10": {
        "Tree": {
            "Wall": 0.20912033333333332, 
            "CPU": 0.14333333333333334
        }, 
        "Decode": {
            "Wall": 10.241907333333335, 
            "CPU": 79.94000000000001
        }, 
        "Flush": {
            "Wall": 7.372010333333333, 
            "CPU": 0.26
        }, 
        "Overall": {
            "Wall": 17.82395733333333, 
            "CPU": 80.34333333333335
        }
    }, 
    "12": {
        "Tree": {
            "Wall": 0.209781, 
            "CPU": 0.14333333333333334
        }, 
        "Decode": {
            "Wall": 9.231307666666668, 
            "CPU": 79.88000000000001
        }, 
        "Flush": {
            "Wall": 9.089874666666667, 
            "CPU": 0.39999999999999997
        }, 
        "Overall": {
            "Wall": 18.531862999999998, 
            "CPU": 80.42333333333333
        }
    }, 
    "16": {
        "Tree": {
            "Wall": 0.21173799999999998, 
            "CPU": 0.14333333333333334
        }, 
        "Decode": {
            "Wall": 12.504047333333332, 
            "CPU": 79.73666666666666
        }, 
        "Flush": {
            "Wall": 9.310625666666667, 
            "CPU": 0.3833333333333333
        }, 
        "Overall": {
            "Wall": 22.027092, 
            "CPU": 80.26333333333334
        }
    }, 
    "20": {
        "Tree": {
            "Wall": 0.21141266666666667, 
            "CPU": 0.13
        }, 
        "Decode": {
            "Wall": 12.060357666666667, 
            "CPU": 81.08666666666667
        }, 
        "Flush": {
            "Wall": 7.540250333333333, 
            "CPU": 0.3266666666666667
        }, 
        "Overall": {
            "Wall": 19.812679666666664, 
            "CPU": 81.54666666666667
        }
    }, 
    "1": {
        "Tree": {
            "Wall": 0.158875, 
            "CPU": 0.09333333333333334
        }, 
        "Decode": {
            "Wall": 74.76372966666668, 
            "CPU": 73.43333333333334
        }, 
        "Flush": {
            "Wall": 1.7561483333333332, 
            "CPU": 0.07666666666666666
        }, 
        "Overall": {
            "Wall": 76.67943133333334, 
            "CPU": 73.60333333333334
        }
    }, 
    "24": {
        "Tree": {
            "Wall": 0.1807966666666667, 
            "CPU": 0.13
        }, 
        "Decode": {
            "Wall": 9.824526, 
            "CPU": 80.84333333333333
        }, 
        "Flush": {
            "Wall": 7.117966666666667, 
            "CPU": 0.20000000000000004
        }, 
        "Overall": {
            "Wall": 17.127624, 
            "CPU": 81.17333333333333
        }
    }
}