{
    "1": {
        "Frequencies": {
            "Wall": 0.06206233333333333, 
            "CPU": 0.016666666666666666
        }, 
        "Tree": {
            "Wall": 0.0052446666666666674, 
            "CPU": 0.0
        }, 
        "Encode": {
            "Wall": 0.2979946666666667, 
            "CPU": 0.3
        }, 
        "Flush": {
            "Wall": 0.026716666666666666, 
            "CPU": 0.0
        }, 
        "Overall": {
            "Wall": 0.40730266666666665, 
            "CPU": 0.31666666666666665
        }
    }, 
    "2": {
        "Frequencies": {
            "Wall": 0.019062333333333334, 
            "CPU": 0.023333333333333334
        }, 
        "Tree": {
            "Wall": 0.003870666666666667, 
            "CPU": 0.0
        }, 
        "Encode": {
            "Wall": 0.152232, 
            "CPU": 0.3
        }, 
        "Flush": {
            "Wall": 0.025193999999999998, 
            "CPU": 0.006666666666666667
        }, 
        "Overall": {
            "Wall": 0.200757, 
            "CPU": 0.3333333333333333
        }
    }, 
    "4": {
        "Frequencies": {
            "Wall": 0.011864333333333333, 
            "CPU": 0.023333333333333334
        }, 
        "Tree": {
            "Wall": 0.008771666666666665, 
            "CPU": 0.013333333333333334
        }, 
        "Encode": {
            "Wall": 0.07824666666666667, 
            "CPU": 0.3133333333333333
        }, 
        "Flush": {
            "Wall": 0.026436333333333336, 
            "CPU": 0.01
        }, 
        "Overall": {
            "Wall": 0.125544, 
            "CPU": 0.36000000000000004
        }
    }, 
    "6": {
        "Frequencies": {
            "Wall": 0.019857666666666666, 
            "CPU": 0.04
        }, 
        "Tree": {
            "Wall": 0.004921333333333333, 
            "CPU": 0.023333333333333334
        }, 
        "Encode": {
            "Wall": 0.053674, 
            "CPU": 0.32
        }, 
        "Flush": {
            "Wall": 0.025030999999999998, 
            "CPU": 0.02
        }, 
        "Overall": {
            "Wall": 0.10373033333333333, 
            "CPU": 0.41
        }
    }, 
    "8": {
        "Frequencies": {
            "Wall": 0.018889, 
            "CPU": 0.049999999999999996
        }, 
        "Tree": {
            "Wall": 0.009866333333333333, 
            "CPU": 0.03333333333333333
        }, 
        "Encode": {
            "Wall": 0.04127433333333333, 
            "CPU": 0.33
        }, 
        "Flush": {
            "Wall": 0.026706333333333332, 
            "CPU": 0.03
        }, 
        "Overall": {
            "Wall": 0.096981, 
            "CPU": 0.44333333333333336
        }
    }, 
    "10": {
        "Frequencies": {
            "Wall": 0.010105666666666667, 
            "CPU": 0.043333333333333335
        }, 
        "Tree": {
            "Wall": 0.007169666666666665, 
            "CPU": 0.03333333333333333
        }, 
        "Encode": {
            "Wall": 0.03413833333333333, 
            "CPU": 0.3433333333333333
        }, 
        "Flush": {
            "Wall": 0.025708666666666668, 
            "CPU": 0.04
        }, 
        "Overall": {
            "Wall": 0.07860466666666666, 
            "CPU": 0.45999999999999996
        }
    }, 
    "12": {
        "Frequencies": {
            "Wall": 0.016288999999999998, 
            "CPU": 0.08
        }, 
        "Tree": {
            "Wall": 0.006187666666666667, 
            "CPU": 0.05000000000000001
        }, 
        "Encode": {
            "Wall": 0.029556, 
            "CPU": 0.35666666666666663
        }, 
        "Flush": {
            "Wall": 0.026638333333333333, 
            "CPU": 0.05000000000000001
        }, 
        "Overall": {
            "Wall": 0.078905, 
            "CPU": 0.5366666666666667
        }
    }, 
    "16": {
        "Frequencies": {
            "Wall": 0.018004, 
            "CPU": 0.10333333333333335
        }, 
        "Tree": {
            "Wall": 0.008457000000000001, 
            "CPU": 0.07
        }, 
        "Encode": {
            "Wall": 0.024332333333333334, 
            "CPU": 0.3933333333333333
        }, 
        "Flush": {
            "Wall": 0.025718, 
            "CPU": 0.07
        }, 
        "Overall": {
            "Wall": 0.07674633333333333, 
            "CPU": 0.64
        }
    }, 
    "20": {
        "Frequencies": {
            "Wall": 0.03202466666666667, 
            "CPU": 0.24333333333333332
        }, 
        "Tree": {
            "Wall": 0.012069999999999999, 
            "CPU": 0.09333333333333334
        }, 
        "Encode": {
            "Wall": 0.02071133333333333, 
            "CPU": 0.41
        }, 
        "Flush": {
            "Wall": 0.025577666666666665, 
            "CPU": 0.08666666666666667
        }, 
        "Overall": {
            "Wall": 0.090632, 
            "CPU": 0.8366666666666666
        }
    }, 
    "24": {
        "Frequencies": {
            "Wall": 0.024001333333333333, 
            "CPU": 0.2233333333333333
        }, 
        "Tree": {
            "Wall": 0.013237333333333335, 
            "CPU": 0.10333333333333333
        }, 
        "Encode": {
            "Wall": 0.026436333333333336, 
            "CPU": 0.53
        }, 
        "Flush": {
            "Wall": 0.024398666666666666, 
            "CPU": 0.11333333333333333
        }, 
        "Overall": {
            "Wall": 0.088318, 
            "CPU": 0.9733333333333333
        }
    }
}