{
    "64": {
        "Frequencies": {
            "Wall": 0.008272333333333333, 
            "CPU": 0.31666666666666665
        }, 
        "Tree": {
            "Wall": 0.004328333333333333, 
            "CPU": 0.26333333333333336
        }, 
        "Encode": {
            "Wall": 0.013453666666666668, 
            "CPU": 0.8566666666666668
        }, 
        "Flush": {
            "Wall": 0.02700666666666667, 
            "CPU": 0.8033333333333333
        }, 
        "Overall": {
            "Wall": 0.05328466666666667, 
            "CPU": 2.266666666666667
        }
    }, 
    "32": {
        "Frequencies": {
            "Wall": 0.006479666666666666, 
            "CPU": 0.10666666666666667
        }, 
        "Tree": {
            "Wall": 0.004221333333333334, 
            "CPU": 0.13
        }, 
        "Encode": {
            "Wall": 0.017236333333333333, 
            "CPU": 0.5499999999999999
        }, 
        "Flush": {
            "Wall": 0.027078, 
            "CPU": 0.39333333333333337
        }, 
        "Overall": {
            "Wall": 0.05558833333333333, 
            "CPU": 1.1900000000000002
        }
    }, 
    "2": {
        "Frequencies": {
            "Wall": 0.019062333333333334, 
            "CPU": 0.023333333333333334
        }, 
        "Tree": {
            "Wall": 0.003870666666666667, 
            "CPU": 0.0
        }, 
        "Encode": {
            "Wall": 0.152232, 
            "CPU": 0.3
        }, 
        "Flush": {
            "Wall": 0.025193999999999998, 
            "CPU": 0.006666666666666667
        }, 
        "Overall": {
            "Wall": 0.200757, 
            "CPU": 0.3333333333333333
        }
    }, 
    "4": {
        "Frequencies": {
            "Wall": 0.011864333333333333, 
            "CPU": 0.023333333333333334
        }, 
        "Tree": {
            "Wall": 0.008771666666666665, 
            "CPU": 0.013333333333333334
        }, 
        "Encode": {
            "Wall": 0.07824666666666667, 
            "CPU": 0.3133333333333333
        }, 
        "Flush": {
            "Wall": 0.026436333333333336, 
            "CPU": 0.01
        }, 
        "Overall": {
            "Wall": 0.125544, 
            "CPU": 0.36000000000000004
        }
    }, 
    "6": {
        "Frequencies": {
            "Wall": 0.019857666666666666, 
            "CPU": 0.04
        }, 
        "Tree": {
            "Wall": 0.004921333333333333, 
            "CPU": 0.023333333333333334
        }, 
        "Encode": {
            "Wall": 0.053674, 
            "CPU": 0.32
        }, 
        "Flush": {
            "Wall": 0.025030999999999998, 
            "CPU": 0.02
        }, 
        "Overall": {
            "Wall": 0.10373033333333333, 
            "CPU": 0.41
        }
    }, 
    "1": {
        "Frequencies": {
            "Wall": 0.06206233333333333, 
            "CPU": 0.016666666666666666
        }, 
        "Tree": {
            "Wall": 0.0052446666666666674, 
            "CPU": 0.0
        }, 
        "Encode": {
            "Wall": 0.2979946666666667, 
            "CPU": 0.3
        }, 
        "Flush": {
            "Wall": 0.026716666666666666, 
            "CPU": 0.0
        }, 
        "Overall": {
            "Wall": 0.40730266666666665, 
            "CPU": 0.31666666666666665
        }
    }, 
    "8": {
        "Frequencies": {
            "Wall": 0.018889, 
            "CPU": 0.049999999999999996
        }, 
        "Tree": {
            "Wall": 0.009866333333333333, 
            "CPU": 0.03333333333333333
        }, 
        "Encode": {
            "Wall": 0.04127433333333333, 
            "CPU": 0.33
        }, 
        "Flush": {
            "Wall": 0.026706333333333332, 
            "CPU": 0.03
        }, 
        "Overall": {
            "Wall": 0.096981, 
            "CPU": 0.44333333333333336
        }
    }, 
    "10": {
        "Frequencies": {
            "Wall": 0.010105666666666667, 
            "CPU": 0.043333333333333335
        }, 
        "Tree": {
            "Wall": 0.007169666666666665, 
            "CPU": 0.03333333333333333
        }, 
        "Encode": {
            "Wall": 0.03413833333333333, 
            "CPU": 0.3433333333333333
        }, 
        "Flush": {
            "Wall": 0.025708666666666668, 
            "CPU": 0.04
        }, 
        "Overall": {
            "Wall": 0.07860466666666666, 
            "CPU": 0.45999999999999996
        }
    }, 
    "12": {
        "Frequencies": {
            "Wall": 0.016288999999999998, 
            "CPU": 0.08
        }, 
        "Tree": {
            "Wall": 0.006187666666666667, 
            "CPU": 0.05000000000000001
        }, 
        "Encode": {
            "Wall": 0.029556, 
            "CPU": 0.35666666666666663
        }, 
        "Flush": {
            "Wall": 0.026638333333333333, 
            "CPU": 0.05000000000000001
        }, 
        "Overall": {
            "Wall": 0.078905, 
            "CPU": 0.5366666666666667
        }
    }, 
    "48": {
        "Frequencies": {
            "Wall": 0.007062666666666666, 
            "CPU": 0.18666666666666668
        }, 
        "Tree": {
            "Wall": 0.006805333333333333, 
            "CPU": 0.31666666666666665
        }, 
        "Encode": {
            "Wall": 0.014709, 
            "CPU": 0.6966666666666667
        }, 
        "Flush": {
            "Wall": 0.029242666666666667, 
            "CPU": 0.5966666666666667
        }, 
        "Overall": {
            "Wall": 0.058208, 
            "CPU": 1.8133333333333335
        }
    }, 
    "20": {
        "Frequencies": {
            "Wall": 0.03202466666666667, 
            "CPU": 0.24333333333333332
        }, 
        "Tree": {
            "Wall": 0.012069999999999999, 
            "CPU": 0.09333333333333334
        }, 
        "Encode": {
            "Wall": 0.02071133333333333, 
            "CPU": 0.41
        }, 
        "Flush": {
            "Wall": 0.025577666666666665, 
            "CPU": 0.08666666666666667
        }, 
        "Overall": {
            "Wall": 0.090632, 
            "CPU": 0.8366666666666666
        }
    }, 
    "24": {
        "Frequencies": {
            "Wall": 0.03927633333333334, 
            "CPU": 0.59
        }, 
        "Tree": {
            "Wall": 0.037740333333333334, 
            "CPU": 0.20000000000000004
        }, 
        "Encode": {
            "Wall": 0.018371000000000002, 
            "CPU": 0.44
        }, 
        "Flush": {
            "Wall": 0.084405, 
            "CPU": 0.2966666666666667
        }, 
        "Overall": {
            "Wall": 0.18079199999999998, 
            "CPU": 1.53
        }
    }, 
    "16": {
        "Frequencies": {
            "Wall": 0.018004, 
            "CPU": 0.10333333333333335
        }, 
        "Tree": {
            "Wall": 0.008457000000000001, 
            "CPU": 0.07
        }, 
        "Encode": {
            "Wall": 0.024332333333333334, 
            "CPU": 0.3933333333333333
        }, 
        "Flush": {
            "Wall": 0.025718, 
            "CPU": 0.07
        }, 
        "Overall": {
            "Wall": 0.07674633333333333, 
            "CPU": 0.64
        }
    }
}