{
    "1": {
        "Frequencies": {
            "Wall": 0.022681999999999997, 
            "CPU": 0.006666666666666667
        }, 
        "Tree": {
            "Wall": 0.004651333333333333, 
            "CPU": 0.0
        }, 
        "Encode": {
            "Wall": 0.06371833333333334, 
            "CPU": 0.06333333333333334
        }, 
        "Flush": {
            "Wall": 0.016923, 
            "CPU": 0.0
        }, 
        "Overall": {
            "Wall": 0.10844866666666668, 
            "CPU": 0.07
        }
    }, 
    "2": {
        "Frequencies": {
            "Wall": 0.018184999999999996, 
            "CPU": 0.01
        }, 
        "Tree": {
            "Wall": 0.026833999999999997, 
            "CPU": 0.006666666666666667
        }, 
        "Encode": {
            "Wall": 0.033776, 
            "CPU": 0.06333333333333334
        }, 
        "Flush": {
            "Wall": 0.023751666666666667, 
            "CPU": 0.01
        }, 
        "Overall": {
            "Wall": 0.10286133333333332, 
            "CPU": 0.09000000000000001
        }
    }, 
    "4": {
        "Frequencies": {
            "Wall": 0.016124666666666666, 
            "CPU": 0.013333333333333334
        }, 
        "Tree": {
            "Wall": 0.02595633333333333, 
            "CPU": 0.016666666666666666
        }, 
        "Encode": {
            "Wall": 0.018358, 
            "CPU": 0.07
        }, 
        "Flush": {
            "Wall": 0.021819333333333333, 
            "CPU": 0.02
        }, 
        "Overall": {
            "Wall": 0.08258966666666666, 
            "CPU": 0.12
        }
    }, 
    "6": {
        "Frequencies": {
            "Wall": 0.041431666666666665, 
            "CPU": 0.08
        }, 
        "Tree": {
            "Wall": 0.017094666666666668, 
            "CPU": 0.023333333333333334
        }, 
        "Encode": {
            "Wall": 0.012789, 
            "CPU": 0.07666666666666667
        }, 
        "Flush": {
            "Wall": 0.019059999999999997, 
            "CPU": 0.02666666666666667
        }, 
        "Overall": {
            "Wall": 0.09053166666666668, 
            "CPU": 0.20666666666666667
        }
    }, 
    "8": {
        "Frequencies": {
            "Wall": 0.020051, 
            "CPU": 0.04666666666666667
        }, 
        "Tree": {
            "Wall": 0.020216333333333333, 
            "CPU": 0.036666666666666674
        }, 
        "Encode": {
            "Wall": 0.010005666666666668, 
            "CPU": 0.08
        }, 
        "Flush": {
            "Wall": 0.021340333333333333, 
            "CPU": 0.03666666666666667
        }, 
        "Overall": {
            "Wall": 0.07176666666666666, 
            "CPU": 0.20333333333333337
        }
    }, 
    "10": {
        "Frequencies": {
            "Wall": 0.060372, 
            "CPU": 0.2333333333333333
        }, 
        "Tree": {
            "Wall": 0.025636000000000003, 
            "CPU": 0.05000000000000001
        }, 
        "Encode": {
            "Wall": 0.008527999999999999, 
            "CPU": 0.08
        }, 
        "Flush": {
            "Wall": 0.015302666666666668, 
            "CPU": 0.05000000000000001
        }, 
        "Overall": {
            "Wall": 0.11001166666666666, 
            "CPU": 0.41333333333333333
        }
    }, 
    "12": {
        "Frequencies": {
            "Wall": 0.043789, 
            "CPU": 0.20666666666666664
        }, 
        "Tree": {
            "Wall": 0.024874999999999998, 
            "CPU": 0.06
        }, 
        "Encode": {
            "Wall": 0.03876633333333334, 
            "CPU": 0.29666666666666663
        }, 
        "Flush": {
            "Wall": 0.02616133333333333, 
            "CPU": 0.056666666666666664
        }, 
        "Overall": {
            "Wall": 0.13376166666666667, 
            "CPU": 0.6233333333333334
        }
    }, 
    "16": {
        "Frequencies": {
            "Wall": 0.07337866666666666, 
            "CPU": 0.49666666666666665
        }, 
        "Tree": {
            "Wall": 0.015484333333333334, 
            "CPU": 0.07666666666666667
        }, 
        "Encode": {
            "Wall": 0.09382866666666667, 
            "CPU": 0.85
        }, 
        "Flush": {
            "Wall": 0.028145, 
            "CPU": 0.08
        }, 
        "Overall": {
            "Wall": 0.21102633333333332, 
            "CPU": 1.5033333333333332
        }
    }, 
    "20": {
        "Frequencies": {
            "Wall": 0.10507700000000002, 
            "CPU": 0.9899999999999999
        }, 
        "Tree": {
            "Wall": 0.008166333333333333, 
            "CPU": 0.08333333333333333
        }, 
        "Encode": {
            "Wall": 0.03507, 
            "CPU": 0.47
        }, 
        "Flush": {
            "Wall": 0.021986666666666668, 
            "CPU": 0.10000000000000002
        }, 
        "Overall": {
            "Wall": 0.17047566666666666, 
            "CPU": 1.6433333333333333
        }
    }, 
    "24": {
        "Frequencies": {
            "Wall": 0.106172, 
            "CPU": 1.2433333333333334
        }, 
        "Tree": {
            "Wall": 0.009865, 
            "CPU": 0.10666666666666667
        }, 
        "Encode": {
            "Wall": 0.10323, 
            "CPU": 1.5666666666666664
        }, 
        "Flush": {
            "Wall": 0.03364933333333334, 
            "CPU": 0.12
        }, 
        "Overall": {
            "Wall": 0.2531293333333333, 
            "CPU": 3.0366666666666666
        }
    }
}