{
    "1": {
        "1": {
            "0": {
                "Frequencies": {
                    "CPU": 0.5743933333333373,
                    "Wall": 0.7270609999999912
                },
                "Tree": {
                    "CPU": 1.0814073333333527,
                    "Wall": 1.10370366666669
                },
                "Encode": {
                    "CPU": 11.350094333333258,
                    "Wall": 11.413922666666572
                },
                "Flush": {
                    "CPU": 0.3128836666666864,
                    "Wall": 0.333485333333353
                },
                "Overall": {
                    "CPU": 14.614095,
                    "Wall": 15.110170333333334
                }
            }
        }
    },
    "2": {
        "1": {
            "0": {
                "Frequencies": {
                    "CPU": 0.2903770000000028,
                    "Wall": 0.2949530000000015
                },
                "Tree": {
                    "CPU": 0.5989326666666548,
                    "Wall": 0.6090289999999867
                },
                "Encode": {
                    "CPU": 5.734419666666692,
                    "Wall": 5.784476000000006
                },
                "Flush": {
                    "CPU": 0.19688533333332245,
                    "Wall": 0.20833399999998944
                },
                "Overall": {
                    "CPU": 7.6921159999999995,
                    "Wall": 7.788737666666666
                }
            },
            "1": {
                "Frequencies": {
                    "CPU": 0.278634666666671,
                    "Wall": 0.28140300000000246
                },
                "Tree": {
                    "CPU": 0.54873366666666,
                    "Wall": 0.5611763333333276
                },
                "Encode": {
                    "CPU": 5.835384333333334,
                    "Wall": 5.883727333333314
                },
                "Flush": {
                    "CPU": 0.18207666666665648,
                    "Wall": 0.19094699999999018
                },
                "Overall": {
                    "CPU": 7.682213999999999,
                    "Wall": 7.770668333333333
                }
            }
        }
    },
    "4": {
        "1": {
            "0": {
                "Frequencies": {
                    "CPU": 0.15380766666666784,
                    "Wall": 0.15635800000000064
                },
                "Tree": {
                    "CPU": 0.3474066666666673,
                    "Wall": 0.36100233333333404
                },
                "Encode": {
                    "CPU": 2.5239453333333475,
                    "Wall": 2.565639333333349
                },
                "Flush": {
                    "CPU": 0.12189766666666542,
                    "Wall": 0.13459533333333143
                },
                "Overall": {
                    "CPU": 3.807044,
                    "Wall": 3.9057519999999997
                }
            },
            "1": {
                "Frequencies": {
                    "CPU": 0.15307400000000077,
                    "Wall": 0.15613466666666703
                },
                "Tree": {
                    "CPU": 0.34416066666666695,
                    "Wall": 0.3590869999999999
                },
                "Encode": {
                    "CPU": 2.4999053333333316,
                    "Wall": 2.5455543333333295
                },
                "Flush": {
                    "CPU": 0.122208999999999,
                    "Wall": 0.13339099999999848
                },
                "Overall": {
                    "CPU": 3.7778949999999996,
                    "Wall": 3.864773
                }
            },
            "2": {
                "Frequencies": {
                    "CPU": 0.1562780000000006,
                    "Wall": 0.15915066666666733
                },
                "Tree": {
                    "CPU": 0.3464316666666662,
                    "Wall": 0.3590993333333335
                },
                "Encode": {
                    "CPU": 2.5006359999999974,
                    "Wall": 2.536500333333323
                },
                "Flush": {
                    "CPU": 0.12343733333333133,
                    "Wall": 0.13995366666666367
                },
                "Overall": {
                    "CPU": 3.7938389999999997,
                    "Wall": 3.882247
                }
            },
            "3": {
                "Frequencies": {
                    "CPU": 0.1515496666666667,
                    "Wall": 0.15334733333333347
                },
                "Tree": {
                    "CPU": 0.22223400000000018,
                    "Wall": 0.23303300000000113
                },
                "Encode": {
                    "CPU": 4.309865333333336,
                    "Wall": 4.363241000000015
                },
                "Flush": {
                    "CPU": 0.08097033333333505,
                    "Wall": 0.09486966666666756
                },
                "Overall": {
                    "CPU": 5.307616333333333,
                    "Wall": 5.402463999999999
                }
            }
        }
    }
}