{
    "1": {
        "Tree": {
            "Wall": 0.16841566666666666, 
            "CPU": 0.10333333333333333
        }, 
        "Decode": {
            "Wall": 72.11377733333335, 
            "CPU": 71.49333333333333
        }, 
        "Flush": {
            "Wall": 1.572334, 
            "CPU": 0.06
        }, 
        "Overall": {
            "Wall": 73.855363, 
            "CPU": 71.65666666666667
        }
    }, 
    "2": {
        "Tree": {
            "Wall": 0.21374766666666667, 
            "CPU": 0.17
        }, 
        "Decode": {
            "Wall": 36.925958333333334, 
            "CPU": 72.96
        }, 
        "Flush": {
            "Wall": 4.044069666666667, 
            "CPU": 0.15333333333333335
        }, 
        "Overall": {
            "Wall": 41.18485533333333, 
            "CPU": 73.28333333333333
        }
    }, 
    "4": {
        "Tree": {
            "Wall": 0.20048733333333332, 
            "CPU": 0.1466666666666667
        }, 
        "Decode": {
            "Wall": 20.113381, 
            "CPU": 75.95
        }, 
        "Flush": {
            "Wall": 6.614577333333334, 
            "CPU": 0.24
        }, 
        "Overall": {
            "Wall": 26.929430666666665, 
            "CPU": 76.34
        }
    }, 
    "6": {
        "Tree": {
            "Wall": 0.2005333333333333, 
            "CPU": 0.14666666666666667
        }, 
        "Decode": {
            "Wall": 14.503345333333334, 
            "CPU": 78.55333333333334
        }, 
        "Flush": {
            "Wall": 8.346299333333334, 
            "CPU": 0.3666666666666667
        }, 
        "Overall": {
            "Wall": 23.05113366666667, 
            "CPU": 79.06666666666666
        }
    }, 
    "8": {
        "Tree": {
            "Wall": 0.20291233333333333, 
            "CPU": 0.15333333333333332
        }, 
        "Decode": {
            "Wall": 11.599696666666668, 
            "CPU": 80.41
        }, 
        "Flush": {
            "Wall": 6.173838333333333, 
            "CPU": 0.26666666666666666
        }, 
        "Overall": {
            "Wall": 17.977136666666667, 
            "CPU": 80.83
        }
    }, 
    "10": {
        "Tree": {
            "Wall": 0.206445, 
            "CPU": 0.15333333333333332
        }, 
        "Decode": {
            "Wall": 12.691577333333333, 
            "CPU": 77.26666666666667
        }, 
        "Flush": {
            "Wall": 5.881812, 
            "CPU": 0.17
        }, 
        "Overall": {
            "Wall": 18.78078066666667, 
            "CPU": 77.58999999999999
        }
    }, 
    "12": {
        "Tree": {
            "Wall": 0.20198899999999997, 
            "CPU": 0.14333333333333334
        }, 
        "Decode": {
            "Wall": 11.302112666666666, 
            "CPU": 76.99333333333333
        }, 
        "Flush": {
            "Wall": 8.226357666666667, 
            "CPU": 0.31333333333333335
        }, 
        "Overall": {
            "Wall": 19.731155, 
            "CPU": 77.45
        }
    }, 
    "16": {
        "Tree": {
            "Wall": 0.219715, 
            "CPU": 0.1566666666666667
        }, 
        "Decode": {
            "Wall": 9.280799666666667, 
            "CPU": 76.64666666666666
        }, 
        "Flush": {
            "Wall": 8.335882333333332, 
            "CPU": 0.3633333333333333
        }, 
        "Overall": {
            "Wall": 17.837392666666666, 
            "CPU": 77.16666666666667
        }
    }, 
    "20": {
        "Tree": {
            "Wall": 0.20662500000000003, 
            "CPU": 0.15
        }, 
        "Decode": {
            "Wall": 7.65397, 
            "CPU": 76.76666666666667
        }, 
        "Flush": {
            "Wall": 8.309824333333333, 
            "CPU": 0.36000000000000004
        }, 
        "Overall": {
            "Wall": 16.171108333333333, 
            "CPU": 77.27666666666667
        }
    }, 
    "24": {
        "Tree": {
            "Wall": 0.20463633333333334, 
            "CPU": 0.1466666666666667
        }, 
        "Decode": {
            "Wall": 6.477629666666668, 
            "CPU": 75.79666666666667
        }, 
        "Flush": {
            "Wall": 8.753341333333333, 
            "CPU": 0.35333333333333333
        }, 
        "Overall": {
            "Wall": 15.436704666666666, 
            "CPU": 76.29666666666667
        }
    }
}