{
    "1": {
        "Frequencies": {
            "Wall": 0.05439733333333333, 
            "CPU": 0.04
        }, 
        "Tree": {
            "Wall": 0.005029, 
            "CPU": 0.0
        }, 
        "Encode": {
            "Wall": 0.6546916666666668, 
            "CPU": 0.6466666666666666
        }, 
        "Flush": {
            "Wall": 0.04641233333333333, 
            "CPU": 0.0033333333333333335
        }, 
        "Overall": {
            "Wall": 0.7611146666666665, 
            "CPU": 0.6900000000000001
        }
    }, 
    "2": {
        "Frequencies": {
            "Wall": 0.03435666666666667, 
            "CPU": 0.043333333333333335
        }, 
        "Tree": {
            "Wall": 0.006167, 
            "CPU": 0.006666666666666667
        }, 
        "Encode": {
            "Wall": 0.35234933333333335, 
            "CPU": 0.7033333333333333
        }, 
        "Flush": {
            "Wall": 0.08049300000000001, 
            "CPU": 0.0033333333333333335
        }, 
        "Overall": {
            "Wall": 0.4737096666666667, 
            "CPU": 0.7566666666666667
        }
    }, 
    "4": {
        "Frequencies": {
            "Wall": 0.026513, 
            "CPU": 0.06
        }, 
        "Tree": {
            "Wall": 0.005372333333333333, 
            "CPU": 0.013333333333333334
        }, 
        "Encode": {
            "Wall": 0.18449000000000002, 
            "CPU": 0.7333333333333334
        }, 
        "Flush": {
            "Wall": 0.049230666666666666, 
            "CPU": 0.02
        }, 
        "Overall": {
            "Wall": 0.265827, 
            "CPU": 0.8266666666666667
        }
    }, 
    "6": {
        "Frequencies": {
            "Wall": 0.023980666666666667, 
            "CPU": 0.08
        }, 
        "Tree": {
            "Wall": 0.0054069999999999995, 
            "CPU": 0.023333333333333334
        }, 
        "Encode": {
            "Wall": 0.12538333333333332, 
            "CPU": 0.7466666666666667
        }, 
        "Flush": {
            "Wall": 0.053416333333333336, 
            "CPU": 0.02666666666666667
        }, 
        "Overall": {
            "Wall": 0.20842300000000002, 
            "CPU": 0.8766666666666666
        }
    }, 
    "8": {
        "Frequencies": {
            "Wall": 0.03287333333333333, 
            "CPU": 0.11666666666666668
        }, 
        "Tree": {
            "Wall": 0.005031, 
            "CPU": 0.036666666666666674
        }, 
        "Encode": {
            "Wall": 0.09773966666666667, 
            "CPU": 0.7799999999999999
        }, 
        "Flush": {
            "Wall": 0.044560666666666665, 
            "CPU": 0.043333333333333335
        }, 
        "Overall": {
            "Wall": 0.18042533333333333, 
            "CPU": 0.9766666666666667
        }
    }, 
    "10": {
        "Frequencies": {
            "Wall": 0.032666, 
            "CPU": 0.15
        }, 
        "Tree": {
            "Wall": 0.021789333333333338, 
            "CPU": 0.05000000000000001
        }, 
        "Encode": {
            "Wall": 0.08121866666666668, 
            "CPU": 0.81
        }, 
        "Flush": {
            "Wall": 0.05019066666666667, 
            "CPU": 0.05000000000000001
        }, 
        "Overall": {
            "Wall": 0.18609433333333333, 
            "CPU": 1.0599999999999998
        }
    }, 
    "12": {
        "Frequencies": {
            "Wall": 0.08728733333333334, 
            "CPU": 0.5233333333333333
        }, 
        "Tree": {
            "Wall": 0.012706, 
            "CPU": 0.06
        }, 
        "Encode": {
            "Wall": 0.07297733333333334, 
            "CPU": 0.85
        }, 
        "Flush": {
            "Wall": 0.04719366666666667, 
            "CPU": 0.056666666666666664
        }, 
        "Overall": {
            "Wall": 0.2204, 
            "CPU": 1.4933333333333334
        }
    }, 
    "16": {
        "Frequencies": {
            "Wall": 0.05515566666666668, 
            "CPU": 0.39666666666666667
        }, 
        "Tree": {
            "Wall": 0.017385666666666664, 
            "CPU": 0.08
        }, 
        "Encode": {
            "Wall": 0.15334966666666666, 
            "CPU": 1.6666666666666667
        }, 
        "Flush": {
            "Wall": 0.10916466666666667, 
            "CPU": 0.08
        }, 
        "Overall": {
            "Wall": 0.3352793333333333, 
            "CPU": 2.2266666666666666
        }
    }, 
    "20": {
        "Frequencies": {
            "Wall": 0.12873666666666667, 
            "CPU": 1.3033333333333335
        }, 
        "Tree": {
            "Wall": 0.012068, 
            "CPU": 0.10000000000000002
        }, 
        "Encode": {
            "Wall": 0.05699733333333332, 
            "CPU": 1.0633333333333335
        }, 
        "Flush": {
            "Wall": 0.04515966666666666, 
            "CPU": 0.10000000000000002
        }, 
        "Overall": {
            "Wall": 0.24320333333333333, 
            "CPU": 2.566666666666667
        }
    }, 
    "24": {
        "Frequencies": {
            "Wall": 0.15869466666666668, 
            "CPU": 2.0766666666666667
        }, 
        "Tree": {
            "Wall": 0.022062666666666664, 
            "CPU": 0.12
        }, 
        "Encode": {
            "Wall": 0.150501, 
            "CPU": 2.3699999999999997
        }, 
        "Flush": {
            "Wall": 0.061507, 
            "CPU": 0.12333333333333334
        }, 
        "Overall": {
            "Wall": 0.3930276666666667, 
            "CPU": 4.693333333333334
        }
    }
}