{
    "64": {
        "Frequencies": {
            "Wall": 3.4324383333333337, 
            "CPU": 217.86666666666667
        }, 
        "Tree": {
            "Wall": 0.3929126666666667, 
            "CPU": 1.0599999999999998
        }, 
        "Encode": {
            "Wall": 32.70946933333334, 
            "CPU": 2082.8266666666664
        }, 
        "Flush": {
            "Wall": 10.683670000000001, 
            "CPU": 0.3333333333333333
        }, 
        "Overall": {
            "Wall": 47.23772666666667, 
            "CPU": 2302.9133333333334
        }
    }, 
    "32": {
        "Frequencies": {
            "Wall": 3.1092910000000002, 
            "CPU": 98.32666666666667
        }, 
        "Tree": {
            "Wall": 0.3526043333333333, 
            "CPU": 0.6299999999999999
        }, 
        "Encode": {
            "Wall": 14.208370333333335, 
            "CPU": 452.41
        }, 
        "Flush": {
            "Wall": 20.653405, 
            "CPU": 0.6433333333333334
        }, 
        "Overall": {
            "Wall": 38.34638233333333, 
            "CPU": 552.4366666666666
        }
    }, 
    "2": {
        "Frequencies": {
            "Wall": 9.416607333333333, 
            "CPU": 18.786666666666665
        }, 
        "Tree": {
            "Wall": 0.21468666666666666, 
            "CPU": 0.18333333333333335
        }, 
        "Encode": {
            "Wall": 174.08894666666666, 
            "CPU": 347.35999999999996
        }, 
        "Flush": {
            "Wall": 2.8911990000000003, 
            "CPU": 0.12333333333333334
        }, 
        "Overall": {
            "Wall": 186.62935000000002, 
            "CPU": 366.47333333333336
        }
    }, 
    "4": {
        "Frequencies": {
            "Wall": 5.881293333333333, 
            "CPU": 23.419999999999998
        }, 
        "Tree": {
            "Wall": 0.2722523333333333, 
            "CPU": 0.22
        }, 
        "Encode": {
            "Wall": 90.56178899999999, 
            "CPU": 360.9533333333334
        }, 
        "Flush": {
            "Wall": 3.0697356666666664, 
            "CPU": 0.09666666666666668
        }, 
        "Overall": {
            "Wall": 99.80375833333333, 
            "CPU": 384.72
        }
    }, 
    "6": {
        "Frequencies": {
            "Wall": 4.548419666666667, 
            "CPU": 27.146666666666665
        }, 
        "Tree": {
            "Wall": 0.294977, 
            "CPU": 0.2233333333333333
        }, 
        "Encode": {
            "Wall": 63.49054533333333, 
            "CPU": 380.0433333333333
        }, 
        "Flush": {
            "Wall": 9.111320666666666, 
            "CPU": 0.36000000000000004
        }, 
        "Overall": {
            "Wall": 77.46197733333332, 
            "CPU": 407.82
        }
    }, 
    "1": {
        "Frequencies": {
            "Wall": 27.236019, 
            "CPU": 18.133333333333336
        }, 
        "Tree": {
            "Wall": 0.22568566666666665, 
            "CPU": 0.15333333333333332
        }, 
        "Encode": {
            "Wall": 331.2526163333333, 
            "CPU": 330.46333333333337
        }, 
        "Flush": {
            "Wall": 1.1160780000000001, 
            "CPU": 0.036666666666666674
        }, 
        "Overall": {
            "Wall": 359.8494843333333, 
            "CPU": 348.7966666666666
        }
    }, 
    "8": {
        "Frequencies": {
            "Wall": 3.9382983333333335, 
            "CPU": 31.236666666666668
        }, 
        "Tree": {
            "Wall": 0.31264866666666663, 
            "CPU": 0.22999999999999998
        }, 
        "Encode": {
            "Wall": 48.645251, 
            "CPU": 388.08666666666664
        }, 
        "Flush": {
            "Wall": 12.743661333333334, 
            "CPU": 0.4766666666666666
        }, 
        "Overall": {
            "Wall": 65.65548199999999, 
            "CPU": 420.08
        }
    }, 
    "10": {
        "Frequencies": {
            "Wall": 16.020697333333334, 
            "CPU": 109.58333333333333
        }, 
        "Tree": {
            "Wall": 0.23945133333333332, 
            "CPU": 0.18000000000000002
        }, 
        "Encode": {
            "Wall": 38.94583866666667, 
            "CPU": 388.4066666666667
        }, 
        "Flush": {
            "Wall": 12.082523000000002, 
            "CPU": 0.35333333333333333
        }, 
        "Overall": {
            "Wall": 67.30564333333334, 
            "CPU": 498.58
        }
    }, 
    "12": {
        "Frequencies": {
            "Wall": 3.31066, 
            "CPU": 38.29333333333333
        }, 
        "Tree": {
            "Wall": 0.3534563333333334, 
            "CPU": 0.3
        }, 
        "Encode": {
            "Wall": 33.18520933333334, 
            "CPU": 397.1766666666667
        }, 
        "Flush": {
            "Wall": 16.043541333333334, 
            "CPU": 0.2333333333333333
        }, 
        "Overall": {
            "Wall": 52.90901266666666, 
            "CPU": 436.0733333333333
        }
    }, 
    "48": {
        "Frequencies": {
            "Wall": 3.285557666666667, 
            "CPU": 156.20666666666668
        }, 
        "Tree": {
            "Wall": 0.357645, 
            "CPU": 0.8300000000000001
        }, 
        "Encode": {
            "Wall": 44.20631766666667, 
            "CPU": 2110.6699999999996
        }, 
        "Flush": {
            "Wall": 11.730263333333333, 
            "CPU": 0.3066666666666667
        }, 
        "Overall": {
            "Wall": 59.599994, 
            "CPU": 2268.643333333333
        }
    }, 
    "20": {
        "Frequencies": {
            "Wall": 3.2169833333333333, 
            "CPU": 62.68333333333334
        }, 
        "Tree": {
            "Wall": 0.3513546666666667, 
            "CPU": 0.3333333333333333
        }, 
        "Encode": {
            "Wall": 23.62255, 
            "CPU": 469.54333333333335
        }, 
        "Flush": {
            "Wall": 20.803934333333334, 
            "CPU": 0.45
        }, 
        "Overall": {
            "Wall": 48.012556999999994, 
            "CPU": 533.1233333333333
        }
    }, 
    "24": {
        "Frequencies": {
            "Wall": 3.5067056666666665, 
            "CPU": 83.32
        }, 
        "Tree": {
            "Wall": 0.29351599999999994, 
            "CPU": 0.5399999999999999
        }, 
        "Encode": {
            "Wall": 19.312245666666666, 
            "CPU": 460.6933333333333
        }, 
        "Flush": {
            "Wall": 13.501408333333332, 
            "CPU": 0.3866666666666667
        }, 
        "Overall": {
            "Wall": 36.637299000000006, 
            "CPU": 545.2633333333333
        }
    }, 
    "16": {
        "Frequencies": {
            "Wall": 3.0140333333333333, 
            "CPU": 45.93
        }, 
        "Tree": {
            "Wall": 0.36590233333333333, 
            "CPU": 0.32
        }, 
        "Encode": {
            "Wall": 26.100497333333333, 
            "CPU": 416.5466666666667
        }, 
        "Flush": {
            "Wall": 18.962210666666667, 
            "CPU": 0.3
        }, 
        "Overall": {
            "Wall": 48.45937466666667, 
            "CPU": 463.19000000000005
        }
    }
}