{
    "1": {
        "2": {
            "0": {
                "Frequencies": {
                    "Wall": 439.8950703333347, 
                    "CPU": 26.72666666666804
                }, 
                "Tree": {
                    "Wall": 454.7889126666632, 
                    "CPU": 48.76333333333705
                }, 
                "Encode": {
                    "Wall": 136.70006933333298, 
                    "CPU": 60.7699999999981
                }, 
                "Flush": {
                    "Wall": 1080.1980866666647, 
                    "CPU": 51.18333333333493
                }, 
                "Overall": {
                    "Wall": 2536.545306666667, 
                    "CPU": 198.01333333333332
                }
            }
        }, 
        "4": {
            "0": {
                "Frequencies": {
                    "Wall": 288.819679666668, 
                    "CPU": 90.5466666666511
                }, 
                "Tree": {
                    "Wall": 273.65917799999886, 
                    "CPU": 162.06666666659817
                }, 
                "Encode": {
                    "Wall": 202.3476833333306, 
                    "CPU": 151.8199999999842
                }, 
                "Flush": {
                    "Wall": 594.8786236666706, 
                    "CPU": 226.6033333332649
                }, 
                "Overall": {
                    "Wall": 1737.9395906666666, 
                    "CPU": 693.4833333333332
                }
            }
        }, 
        "1": {
            "0": {
                "Frequencies": {
                    "Wall": 229.72105300000052, 
                    "CPU": 1.856666666666647
                }, 
                "Tree": {
                    "Wall": 206.651267, 
                    "CPU": 1.9066666666666412
                }, 
                "Encode": {
                    "Wall": 24.405338666666868, 
                    "CPU": 23.3899999999999
                }, 
                "Flush": {
                    "Wall": 495.6133413333345, 
                    "CPU": 1.146666666666657
                }, 
                "Overall": {
                    "Wall": 1329.5975693333332, 
                    "CPU": 32.936666666666675
                }
            }
        }
    }, 
    "2": {
        "4": {
            "0": {
                "Frequencies": {
                    "Wall": 89.55181466666723, 
                    "CPU": 28.463333333335413
                }, 
                "Tree": {
                    "Wall": 79.74743766666663, 
                    "CPU": 78.68000000000985
                }, 
                "Encode": {
                    "Wall": 24.664652333333265, 
                    "CPU": 44.80333333333664
                }, 
                "Flush": {
                    "Wall": 165.5118563333342, 
                    "CPU": 89.51333333334763
                }, 
                "Overall": {
                    "Wall": 522.837931, 
                    "CPU": 250.39000000000001
                }
            }, 
            "1": {
                "Frequencies": {
                    "Wall": 84.31606599999981, 
                    "CPU": 29.856666666669042
                }, 
                "Tree": {
                    "Wall": 76.315634666667, 
                    "CPU": 69.58333333333876
                }, 
                "Encode": {
                    "Wall": 26.535546666666743, 
                    "CPU": 51.0099999999993
                }, 
                "Flush": {
                    "Wall": 153.8060870000002, 
                    "CPU": 78.71000000001014
                }, 
                "Overall": {
                    "Wall": 499.35359633333337, 
                    "CPU": 350.6933333333333
                }
            }
        }, 
        "2": {
            "0": {
                "Frequencies": {
                    "Wall": 75.59982700000008, 
                    "CPU": 10.403333333333958
                }, 
                "Tree": {
                    "Wall": 68.10712766666681, 
                    "CPU": 25.980000000000885
                }, 
                "Encode": {
                    "Wall": 26.833656666666656, 
                    "CPU": 19.933333333333184
                }, 
                "Flush": {
                    "Wall": 130.91301800000102, 
                    "CPU": 29.533333333336046
                }, 
                "Overall": {
                    "Wall": 482.20063899999997, 
                    "CPU": 91.51333333333334
                }
            }, 
            "1": {
                "Frequencies": {
                    "Wall": 133.0044540000003, 
                    "CPU": 14.849999999999994
                }, 
                "Tree": {
                    "Wall": 88.72609833333297, 
                    "CPU": 23.023333333332854
                }, 
                "Encode": {
                    "Wall": 185.09297533333344, 
                    "CPU": 39.14333333333482
                }, 
                "Flush": {
                    "Wall": 182.3886799999991, 
                    "CPU": 24.513333333333588
                }, 
                "Overall": {
                    "Wall": 780.8547833333332, 
                    "CPU": 193.39333333333332
                }
            }
        }, 
        "1": {
            "0": {
                "Frequencies": {
                    "Wall": 80.04495833333324, 
                    "CPU": 0.8233333333333314
                }, 
                "Tree": {
                    "Wall": 90.7283673333335, 
                    "CPU": 0.8966666666666622
                }, 
                "Encode": {
                    "Wall": 12.079137666666659, 
                    "CPU": 9.646666666666901
                }, 
                "Flush": {
                    "Wall": 185.216391333333, 
                    "CPU": 0.45333333333333364
                }, 
                "Overall": {
                    "Wall": 524.3115213333334, 
                    "CPU": 14.933333333333332
                }
            }, 
            "1": {
                "Frequencies": {
                    "Wall": 77.28268300000003, 
                    "CPU": 0.863333333333331
                }, 
                "Tree": {
                    "Wall": 84.65244100000024, 
                    "CPU": 0.9666666666666607
                }, 
                "Encode": {
                    "Wall": 19.75995533333338, 
                    "CPU": 12.903333333333547
                }, 
                "Flush": {
                    "Wall": 173.6793593333327, 
                    "CPU": 0.3766666666666669
                }, 
                "Overall": {
                    "Wall": 508.917236, 
                    "CPU": 81.55333333333334
                }
            }
        }
    }, 
    "4": {
        "1": {
            "0": {
                "Frequencies": {
                    "Wall": 78.53825499999986, 
                    "CPU": 0.48333333333333367
                }, 
                "Tree": {
                    "Wall": 87.75708099999962, 
                    "CPU": 0.6066666666666671
                }, 
                "Encode": {
                    "Wall": 4.935842666666668, 
                    "CPU": 4.609999999999961
                }, 
                "Flush": {
                    "Wall": 168.51183033333336, 
                    "CPU": 0.3900000000000003
                }, 
                "Overall": {
                    "Wall": 483.025828, 
                    "CPU": 8.266666666666667
                }
            }, 
            "1": {
                "Frequencies": {
                    "Wall": 73.01920599999973, 
                    "CPU": 0.466666666666667
                }, 
                "Tree": {
                    "Wall": 84.55939633333345, 
                    "CPU": 0.6300000000000004
                },