{
    "2": {
        "2": {
            "0": {
                "Frequencies": {
                    "CPU": 10.403333333333965,
                    "Wall": 75.5998269999999
                },
                "Tree": {
                    "CPU": 25.980000000000913,
                    "Wall": 68.10712766666673
                },
                "Encode": {
                    "CPU": 19.933333333332616,
                    "Wall": 26.83365666666651
                },
                "Flush": {
                    "CPU": 29.533333333336042,
                    "Wall": 130.91301800000068
                },
                "Overall": {
                    "CPU": 91.51333333333334,
                    "Wall": 482.20063899999997
                }
            },
            "1": {
                "Frequencies": {
                    "CPU": 14.849999999999822,
                    "Wall": 133.0044540000003
                },
                "Tree": {
                    "CPU": 23.023333333332857,
                    "Wall": 88.7260983333331
                },
                "Encode": {
                    "CPU": 39.14333333333602,
                    "Wall": 185.09297533333608
                },
                "Flush": {
                    "CPU": 24.513333333333602,
                    "Wall": 182.3886799999998
                },
                "Overall": {
                    "CPU": 193.39333333333332,
                    "Wall": 780.8547833333332
                }
            }
        },
        "1": {
            "0": {
                "Frequencies": {
                    "CPU": 0.8233333333333314,
                    "Wall": 80.04495833333347
                },
                "Tree": {
                    "CPU": 0.8966666666666622,
                    "Wall": 90.72836733333332
                },
                "Encode": {
                    "CPU": 9.646666666666901,
                    "Wall": 12.07913766666668
                },
                "Flush": {
                    "CPU": 0.45333333333333364,
                    "Wall": 185.21639133333352
                },
                "Overall": {
                    "CPU": 14.933333333333332,
                    "Wall": 524.3115213333334
                }
            },
            "1": {
                "Frequencies": {
                    "CPU": 0.863333333333331,
                    "Wall": 77.28268300000029
                },
                "Tree": {
                    "CPU": 0.9666666666666607,
                    "Wall": 84.65244100000047
                },
                "Encode": {
                    "CPU": 12.903333333333547,
                    "Wall": 19.75995533333338
                },
                "Flush": {
                    "CPU": 0.3766666666666669,
                    "Wall": 173.67935933333217
                },
                "Overall": {
                    "CPU": 81.55333333333334,
                    "Wall": 508.917236
                }
            }
        },
        "4": {
            "0": {
                "Frequencies": {
                    "CPU": 28.463333333334777,
                    "Wall": 89.55181466666721
                },
                "Tree": {
                    "CPU": 78.68000000001126,
                    "Wall": 79.74743766666649
                },
                "Encode": {
                    "CPU": 44.803333333335594,
                    "Wall": 24.66465233333344
                },
                "Flush": {
                    "CPU": 89.51333333334806,
                    "Wall": 165.51185633333407
                },
                "Overall": {
                    "CPU": 250.39000000000001,
                    "Wall": 522.837931
                }
            },
            "1": {
                "Frequencies": {
                    "CPU": 29.856666666668243,
                    "Wall": 84.31606599999964
                },
                "Tree": {
                    "CPU": 69.58333333334217,
                    "Wall": 76.31563466666682
                },
                "Encode": {
                    "CPU": 51.00999999999823,
                    "Wall": 26.535546666666594
                },
                "Flush": {
                    "CPU": 78.71000000001258,
                    "Wall": 153.80608700000002
                },
                "Overall": {
                    "CPU": 350.6933333333333,
                    "Wall": 499.35359633333337
                }
            }
        }
    },
    "4": {
        "2": {
            "0": {
                "Frequencies": {
                    "CPU": 1.8866666666666425,
                    "Wall": 62.77049033333313
                },
                "Tree": {
                    "CPU": 17.159999999999496,
                    "Wall": 72.25638766666665
                },
                "Encode": {
                    "CPU": 6.903333333333353,
                    "Wall": 5.232097333333315
                },
                "Flush": {
                    "CPU": 16.516666666666268,
                    "Wall": 134.75086233333357
                },
                "Overall": {
                    "CPU": 45.20333333333334,
                    "Wall": 458.439776
                }
            },
            "1": {
                "Frequencies": {
                    "CPU": 1.7833333333333117,
                    "Wall": 54.298553666666685
                },
                "Tree": {
                    "CPU": 14.709999999999972,
                    "Wall": 60.90622900000002
                },
                "Encode": {
                    "CPU": 6.980000000000062,
                    "Wall": 5.42094599999999
                },
                "Flush": {
                    "CPU": 13.566666666666826,
                    "Wall": 115.21943733333302
                },
                "Overall": {
                    "CPU": 181.10666666666665,
                    "Wall": 416.56617033333333
                }
            },
            "2": {
                "Frequencies": {
                    "CPU": 1.9166666666666423,
                    "Wall": 61.697656666666546
                },
                "Tree": {
                    "CPU": 16.25666666666636,
                    "Wall": 69.81664233333345
                },
                "Encode": {
                    "CPU": 7.613333333333464,
                    "Wall": 5.784974333333331
                },
                "Flush": {
                    "CPU": 16.37333333333298,
                    "Wall": 134.87918233333323
                },
                "Overall": {
                    "CPU": 186.26666666666665,
                    "Wall": 454.90983966666664
                }
            },
            "3": {
                "Frequencies": {
                    "CPU": 1.589999999999985,
                    "Wall": 48.63885566666651
                },
                "Tree": {
                    "CPU": 12.616666666667006,
                    "Wall": 55.947104333333606
                },
                "Encode": {
                    "CPU": 11.67666666666676,
                    "Wall": 9.117208666666656
                },
                "Flush": {
                    "CPU": 11.9533333333338,
                    "Wall": 102.84292666666674
                },
                "Overall": {
                    "CPU": 181.51,
                    "Wall": 395.33773033333335
                }
            }
        },
        "1": {
            "0": {
                "Frequencies": {
                    "CPU": 0.48333333333333367,
                    "Wall": 78.53825499999992
                },
                "Tree": {
                    "CPU": 0.6066666666666671,
                    "Wall": 87.75708099999964
                },
                "Encode": {
                    "CPU": 4.609999999999961,
                    "Wall": 4.935842666666668
                },
                "Flush": {
                    "CPU": 0.3900000000000003,