{
    "64": {
        "Frequencies": {
            "Wall": 0.008786666666666667, 
            "CPU": 0.37333333333333335
        }, 
        "Tree": {
            "Wall": 0.004228666666666666, 
            "CPU": 0.26
        }, 
        "Encode": {
            "Wall": 0.016887, 
            "CPU": 0.6433333333333334
        }, 
        "Flush": {
            "Wall": 0.02869333333333333, 
            "CPU": 0.0
        }, 
        "Overall": {
            "Wall": 0.058865, 
            "CPU": 1.29
        }
    }, 
    "32": {
        "Frequencies": {
            "Wall": 0.0065130000000000006, 
            "CPU": 0.12333333333333334
        }, 
        "Tree": {
            "Wall": 0.003861, 
            "CPU": 0.12
        }, 
        "Encode": {
            "Wall": 0.022967666666666667, 
            "CPU": 0.5
        }, 
        "Flush": {
            "Wall": 0.024141, 
            "CPU": 0.0
        }, 
        "Overall": {
            "Wall": 0.05805533333333333, 
            "CPU": 0.7466666666666667
        }
    }, 
    "2": {
        "Frequencies": {
            "Wall": 0.011969666666666665, 
            "CPU": 0.023333333333333334
        }, 
        "Tree": {
            "Wall": 0.004104, 
            "CPU": 0.0033333333333333335
        }, 
        "Encode": {
            "Wall": 0.363335, 
            "CPU": 0.36999999999999994
        }, 
        "Flush": {
            "Wall": 0.026325666666666667, 
            "CPU": 0.0
        }, 
        "Overall": {
            "Wall": 0.406152, 
            "CPU": 0.39666666666666667
        }
    }, 
    "4": {
        "Frequencies": {
            "Wall": 0.029774000000000005, 
            "CPU": 0.04
        }, 
        "Tree": {
            "Wall": 0.005144, 
            "CPU": 0.013333333333333334
        }, 
        "Encode": {
            "Wall": 0.209342, 
            "CPU": 0.36999999999999994
        }, 
        "Flush": {
            "Wall": 0.030682333333333336, 
            "CPU": 0.0
        }, 
        "Overall": {
            "Wall": 0.275283, 
            "CPU": 0.42333333333333334
        }
    }, 
    "6": {
        "Frequencies": {
            "Wall": 0.028738666666666666, 
            "CPU": 0.06333333333333334
        }, 
        "Tree": {
            "Wall": 0.005033, 
            "CPU": 0.023333333333333334
        }, 
        "Encode": {
            "Wall": 0.10919833333333334, 
            "CPU": 0.39333333333333337
        }, 
        "Flush": {
            "Wall": 0.029152333333333332, 
            "CPU": 0.0033333333333333335
        }, 
        "Overall": {
            "Wall": 0.17245166666666667, 
            "CPU": 0.48333333333333334
        }
    }, 
    "1": {
        "Frequencies": {
            "Wall": 0.030484999999999998, 
            "CPU": 0.016666666666666666
        }, 
        "Tree": {
            "Wall": 0.004421666666666667, 
            "CPU": 0.0
        }, 
        "Encode": {
            "Wall": 0.3610703333333333, 
            "CPU": 0.36000000000000004
        }, 
        "Flush": {
            "Wall": 0.027869, 
            "CPU": 0.0
        }, 
        "Overall": {
            "Wall": 0.42460366666666666, 
            "CPU": 0.37666666666666665
        }
    }, 
    "8": {
        "Frequencies": {
            "Wall": 0.027963666666666664, 
            "CPU": 0.07333333333333333
        }, 
        "Tree": {
            "Wall": 0.0075, 
            "CPU": 0.04
        }, 
        "Encode": {
            "Wall": 0.10309299999999999, 
            "CPU": 0.36999999999999994
        }, 
        "Flush": {
            "Wall": 0.028475333333333335, 
            "CPU": 0.0
        }, 
        "Overall": {
            "Wall": 0.16735966666666666, 
            "CPU": 0.48333333333333334
        }
    }, 
    "10": {
        "Frequencies": {
            "Wall": 0.04035333333333333, 
            "CPU": 0.12333333333333334
        }, 
        "Tree": {
            "Wall": 0.003899666666666667, 
            "CPU": 0.03333333333333333
        }, 
        "Encode": {
            "Wall": 0.092291, 
            "CPU": 0.37666666666666665
        }, 
        "Flush": {
            "Wall": 0.027028999999999997, 
            "CPU": 0.0033333333333333335
        }, 
        "Overall": {
            "Wall": 0.16424366666666668, 
            "CPU": 0.54
        }
    }, 
    "12": {
        "Frequencies": {
            "Wall": 0.035977, 
            "CPU": 0.13333333333333333
        }, 
        "Tree": {
            "Wall": 0.005743333333333334, 
            "CPU": 0.05333333333333334
        }, 
        "Encode": {
            "Wall": 0.07917066666666667, 
            "CPU": 0.37333333333333335
        }, 
        "Flush": {
            "Wall": 0.02667733333333333, 
            "CPU": 0.0
        }, 
        "Overall": {
            "Wall": 0.1479113333333333, 
            "CPU": 0.5633333333333334
        }
    }, 
    "48": {
        "Frequencies": {
            "Wall": 0.0073809999999999995, 
            "CPU": 0.18666666666666668
        }, 
        "Tree": {
            "Wall": 0.005547, 
            "CPU": 0.26
        }, 
        "Encode": {
            "Wall": 0.022730333333333335, 
            "CPU": 0.7400000000000001
        }, 
        "Flush": {
            "Wall": 0.028066333333333332, 
            "CPU": 0.0033333333333333335
        }, 
        "Overall": {
            "Wall": 0.063944, 
            "CPU": 1.1933333333333331
        }
    }, 
    "20": {
        "Frequencies": {
            "Wall": 0.04911366666666667, 
            "CPU": 0.3433333333333333
        }, 
        "Tree": {
            "Wall": 0.008092, 
            "CPU": 0.08666666666666667
        }, 
        "Encode": {
            "Wall": 0.052958000000000005, 
            "CPU": 0.37333333333333335
        }, 
        "Flush": {
            "Wall": 0.028159, 
            "CPU": 0.0
        }, 
        "Overall": {
            "Wall": 0.13867333333333334, 
            "CPU": 0.8033333333333333
        }
    }, 
    "24": {
        "Frequencies": {
            "Wall": 0.04772266666666667, 
            "CPU": 0.4533333333333333
        }, 
        "Tree": {
            "Wall": 0.008114000000000001, 
            "CPU": 0.06333333333333334
        }, 
        "Encode": {
            "Wall": 0.050138999999999996, 
            "CPU": 0.3833333333333333
        }, 
        "Flush": {
            "Wall": 0.02555733333333333, 
            "CPU": 0.0033333333333333335
        }, 
        "Overall": {
            "Wall": 0.13621333333333333, 
            "CPU": 0.9433333333333334
        }
    }, 
    "16": {
        "Frequencies": {
            "Wall": 0.042484999999999995, 
            "CPU": 0.25333333333333335
        }, 
        "Tree": {
            "Wall": 0.004215333333333333, 
            "CPU": 0.05666666666666667
        }, 
        "Encode": {
            "Wall": 0.06565866666666666, 
            "CPU": 0.3833333333333333
        }, 
        "Flush": {
            "Wall": 0.026184, 
            "CPU": 0.0
        }, 
        "Overall": {
            "Wall": 0.13888133333333333, 
            "CPU": 0.6966666666666667
        }
    }
}