{
    "64": {
        "Frequencies": {
            "Wall": 0.047997000000000005, 
            "CPU": 2.816666666666667
        }, 
        "Tree": {
            "Wall": 0.04823633333333333, 
            "CPU": 0.82
        }, 
        "Encode": {
            "Wall": 0.16010366666666667, 
            "CPU": 5.47
        }, 
        "Flush": {
            "Wall": 0.31608733333333333, 
            "CPU": 0.006666666666666667
        }, 
        "Overall": {
            "Wall": 0.5728283333333334, 
            "CPU": 9.116666666666667
        }
    }, 
    "32": {
        "Frequencies": {
            "Wall": 0.03960866666666667, 
            "CPU": 1.1733333333333331
        }, 
        "Tree": {
            "Wall": 0.007497666666666666, 
            "CPU": 0.22999999999999998
        }, 
        "Encode": {
            "Wall": 0.18649333333333332, 
            "CPU": 3.78
        }, 
        "Flush": {
            "Wall": 0.195191, 
            "CPU": 0.006666666666666667
        }, 
        "Overall": {
            "Wall": 0.42957666666666666, 
            "CPU": 5.196666666666666
        }
    }, 
    "2": {
        "Frequencies": {
            "Wall": 0.104933, 
            "CPU": 0.19000000000000003
        }, 
        "Tree": {
            "Wall": 0.012143333333333334, 
            "CPU": 0.013333333333333334
        }, 
        "Encode": {
            "Wall": 3.056941333333333, 
            "CPU": 3.203333333333333
        }, 
        "Flush": {
            "Wall": 0.196532, 
            "CPU": 0.006666666666666667
        }, 
        "Overall": {
            "Wall": 3.371012, 
            "CPU": 3.4133333333333336
        }
    }, 
    "4": {
        "Frequencies": {
            "Wall": 0.07149000000000001, 
            "CPU": 0.25
        }, 
        "Tree": {
            "Wall": 0.014924, 
            "CPU": 0.03666666666666667
        }, 
        "Encode": {
            "Wall": 0.846963, 
            "CPU": 3.26
        }, 
        "Flush": {
            "Wall": 0.207345, 
            "CPU": 0.006666666666666667
        }, 
        "Overall": {
            "Wall": 1.1411006666666668, 
            "CPU": 3.5533333333333332
        }
    }, 
    "6": {
        "Frequencies": {
            "Wall": 0.07026466666666666, 
            "CPU": 0.37666666666666665
        }, 
        "Tree": {
            "Wall": 0.011721, 
            "CPU": 0.06333333333333334
        }, 
        "Encode": {
            "Wall": 0.594575, 
            "CPU": 3.3266666666666667
        }, 
        "Flush": {
            "Wall": 0.16065866666666664, 
            "CPU": 0.006666666666666667
        }, 
        "Overall": {
            "Wall": 0.8380366666666667, 
            "CPU": 3.7733333333333334
        }
    }, 
    "1": {
        "Frequencies": {
            "Wall": 0.21334166666666668, 
            "CPU": 0.15000000000000002
        }, 
        "Tree": {
            "Wall": 0.027136333333333335, 
            "CPU": 0.0
        }, 
        "Encode": {
            "Wall": 3.131425666666667, 
            "CPU": 3.1266666666666665
        }, 
        "Flush": {
            "Wall": 0.212827, 
            "CPU": 0.006666666666666667
        }, 
        "Overall": {
            "Wall": 3.5853563333333334, 
            "CPU": 3.2833333333333337
        }
    }, 
    "8": {
        "Frequencies": {
            "Wall": 0.06424233333333333, 
            "CPU": 0.4666666666666666
        }, 
        "Tree": {
            "Wall": 0.009841666666666667, 
            "CPU": 0.07333333333333335
        }, 
        "Encode": {
            "Wall": 0.46414700000000003, 
            "CPU": 3.3733333333333335
        }, 
        "Flush": {
            "Wall": 0.20917133333333335, 
            "CPU": 0.006666666666666667
        }, 
        "Overall": {
            "Wall": 0.747759, 
            "CPU": 3.92
        }
    }, 
    "10": {
        "Frequencies": {
            "Wall": 0.06227733333333333, 
            "CPU": 0.56
        }, 
        "Tree": {
            "Wall": 0.017246666666666667, 
            "CPU": 0.12
        }, 
        "Encode": {
            "Wall": 0.415724, 
            "CPU": 3.42
        }, 
        "Flush": {
            "Wall": 0.2028736666666667, 
            "CPU": 0.01
        }, 
        "Overall": {
            "Wall": 0.6984796666666666, 
            "CPU": 4.11
        }
    }, 
    "12": {
        "Frequencies": {
            "Wall": 0.07555666666666667, 
            "CPU": 0.7566666666666667
        }, 
        "Tree": {
            "Wall": 0.012397666666666666, 
            "CPU": 0.12666666666666668
        }, 
        "Encode": {
            "Wall": 0.6711586666666666, 
            "CPU": 3.4433333333333334
        }, 
        "Flush": {
            "Wall": 0.201518, 
            "CPU": 0.006666666666666667
        }, 
        "Overall": {
            "Wall": 0.9609916666666667, 
            "CPU": 4.336666666666667
        }
    }, 
    "48": {
        "Frequencies": {
            "Wall": 0.03677066666666667, 
            "CPU": 1.6166666666666665
        }, 
        "Tree": {
            "Wall": 0.011679333333333333, 
            "CPU": 0.5533333333333332
        }, 
        "Encode": {
            "Wall": 0.14513966666666667, 
            "CPU": 3.86
        }, 
        "Flush": {
            "Wall": 0.194145, 
            "CPU": 0.0033333333333333335
        }, 
        "Overall": {
            "Wall": 0.388095, 
            "CPU": 6.036666666666666
        }
    }, 
    "20": {
        "Frequencies": {
            "Wall": 0.09172266666666667, 
            "CPU": 1.4000000000000001
        }, 
        "Tree": {
            "Wall": 0.016393, 
            "CPU": 0.26333333333333336
        }, 
        "Encode": {
            "Wall": 0.4348573333333334, 
            "CPU": 3.4466666666666668
        }, 
        "Flush": {
            "Wall": 0.18891966666666668, 
            "CPU": 0.01
        }, 
        "Overall": {
            "Wall": 0.7326653333333333, 
            "CPU": 5.12
        }
    }, 
    "24": {
        "Frequencies": {
            "Wall": 0.16849733333333336, 
            "CPU": 3.233333333333333
        }, 
        "Tree": {
            "Wall": 0.020401666666666665, 
            "CPU": 0.3333333333333333
        }, 
        "Encode": {
            "Wall": 0.4997406666666666, 
            "CPU": 3.4633333333333334
        }, 
        "Flush": {
            "Wall": 0.205906, 
            "CPU": 0.01
        }, 
        "Overall": {
            "Wall": 0.8949023333333334, 
            "CPU": 7.043333333333333
        }
    }, 
    "16": {
        "Frequencies": {
            "Wall": 0.08663633333333336, 
            "CPU": 1.08
        }, 
        "Tree": {
            "Wall": 0.018917666666666666, 
            "CPU": 0.21
        }, 
        "Encode": {
            "Wall": 0.6516313333333333, 
            "CPU": 3.436666666666667
        }, 
        "Flush": {
            "Wall": 0.210552, 
            "CPU": 0.006666666666666667
        }, 
        "Overall": {
            "Wall": 0.9681146666666667, 
            "CPU": 4.739999999999999
        }
    }
}