{
    "1": {
        "1": {
            "0": {
                "Tree": {
                    "CPU": 1.1585833333333364,
                    "Wall": 1.2903019999999927
                },
                "Decode": {
                    "CPU": 11.734983999999988,
                    "Wall": 11.818014666666672
                },
                "Flush": {
                    "CPU": 0.3027773333333506,
                    "Wall": 0.3235203333333499
                },
                "Overall": {
                    "CPU": 14.272732333333332,
                    "Wall": 14.68971
                }
            }
        }
    },
    "2": {
        "1": {
            "0": {
                "Tree": {
                    "CPU": 0.588752999999993,
                    "Wall": 0.5969853333333254
                },
                "Decode": {
                    "CPU": 6.10621433333333,
                    "Wall": 6.161285333333329
                },
                "Flush": {
                    "CPU": 0.184127333333322,
                    "Wall": 0.19366499999998843
                },
                "Overall": {
                    "CPU": 7.610048,
                    "Wall": 7.724816
                }
            },
            "1": {
                "Tree": {
                    "CPU": 0.6450566666666574,
                    "Wall": 0.668304999999988
                },
                "Decode": {
                    "CPU": 5.926203333333356,
                    "Wall": 5.975087333333338
                },
                "Flush": {
                    "CPU": 0.20066099999998754,
                    "Wall": 0.20973899999998746
                },
                "Overall": {
                    "CPU": 7.575543,
                    "Wall": 7.661514666666666
                }
            }
        }
    },
    "4": {
        "1": {
            "0": {
                "Tree": {
                    "CPU": 0.2515186666666669,
                    "Wall": 0.2707666666666671
                },
                "Decode": {
                    "CPU": 4.664702666666664,
                    "Wall": 4.740427000000001
                },
                "Flush": {
                    "CPU": 0.08479100000000184,
                    "Wall": 0.09284366666666756
                },
                "Overall": {
                    "CPU": 5.500374333333333,
                    "Wall": 5.616627
                }
            },
            "1": {
                "Tree": {
                    "CPU": 0.3750923333333341,
                    "Wall": 0.3938129999999993
                },
                "Decode": {
                    "CPU": 2.56590633333334,
                    "Wall": 2.6247306666666694
                },
                "Flush": {
                    "CPU": 0.12284433333333145,
                    "Wall": 0.13814599999999697
                },
                "Overall": {
                    "CPU": 3.6512729999999998,
                    "Wall": 3.7614286666666668
                }
            },
            "2": {
                "Tree": {
                    "CPU": 0.3936549999999986,
                    "Wall": 0.414071666666666
                },
                "Decode": {
                    "CPU": 2.5706170000000066,
                    "Wall": 2.6312510000000082
                },
                "Flush": {
                    "CPU": 0.12945699999999785,
                    "Wall": 0.13961566666666334
                },
                "Overall": {
                    "CPU": 3.7002633333333335,
                    "Wall": 3.806347666666666
                }
            },
            "3": {
                "Tree": {
                    "CPU": 0.3687266666666667,
                    "Wall": 0.3868079999999981
                },
                "Decode": {
                    "CPU": 2.577022666666665,
                    "Wall": 2.638825
                },
                "Flush": {
                    "CPU": 0.1231186666666655,
                    "Wall": 0.13907199999999684
                },
                "Overall": {
                    "CPU": 3.658556666666667,
                    "Wall": 3.774946
                }
            }
        }
    }
}