{
    "64": {
        "Frequencies": {
            "Wall": 0.01396, 
            "CPU": 0.7066666666666667
        }, 
        "Tree": {
            "Wall": 0.0074726666666666665, 
            "CPU": 0.4633333333333334
        }, 
        "Encode": {
            "Wall": 0.03500733333333333, 
            "CPU": 1.0166666666666666
        }, 
        "Flush": {
            "Wall": 0.045276000000000004, 
            "CPU": 0.0033333333333333335
        }, 
        "Overall": {
            "Wall": 0.10246100000000001, 
            "CPU": 2.203333333333333
        }
    }, 
    "32": {
        "Frequencies": {
            "Wall": 0.009715333333333335, 
            "CPU": 0.20666666666666667
        }, 
        "Tree": {
            "Wall": 0.005940333333333335, 
            "CPU": 0.18666666666666668
        }, 
        "Encode": {
            "Wall": 0.03892333333333334, 
            "CPU": 0.8233333333333334
        }, 
        "Flush": {
            "Wall": 0.045593999999999996, 
            "CPU": 0.0
        }, 
        "Overall": {
            "Wall": 0.101676, 
            "CPU": 1.2166666666666668
        }
    }, 
    "2": {
        "Frequencies": {
            "Wall": 0.023800666666666664, 
            "CPU": 0.03333333333333333
        }, 
        "Tree": {
            "Wall": 0.004474333333333334, 
            "CPU": 0.01
        }, 
        "Encode": {
            "Wall": 0.607395, 
            "CPU": 0.62
        }, 
        "Flush": {
            "Wall": 0.04206966666666667, 
            "CPU": 0.0
        }, 
        "Overall": {
            "Wall": 0.6781966666666667, 
            "CPU": 0.6633333333333334
        }
    }, 
    "4": {
        "Frequencies": {
            "Wall": 0.022758666666666667, 
            "CPU": 0.056666666666666664
        }, 
        "Tree": {
            "Wall": 0.006266000000000001, 
            "CPU": 0.013333333333333334
        }, 
        "Encode": {
            "Wall": 0.168901, 
            "CPU": 0.6233333333333334
        }, 
        "Flush": {
            "Wall": 0.04351633333333333, 
            "CPU": 0.01
        }, 
        "Overall": {
            "Wall": 0.24174700000000002, 
            "CPU": 0.7033333333333333
        }
    }, 
    "6": {
        "Frequencies": {
            "Wall": 0.029133999999999997, 
            "CPU": 0.07666666666666667
        }, 
        "Tree": {
            "Wall": 0.005037, 
            "CPU": 0.023333333333333334
        }, 
        "Encode": {
            "Wall": 0.11673333333333334, 
            "CPU": 0.63
        }, 
        "Flush": {
            "Wall": 0.04266533333333333, 
            "CPU": 0.0
        }, 
        "Overall": {
            "Wall": 0.19387200000000002, 
            "CPU": 0.73
        }
    }, 
    "1": {
        "Frequencies": {
            "Wall": 0.044736, 
            "CPU": 0.03333333333333333
        }, 
        "Tree": {
            "Wall": 0.005211333333333334, 
            "CPU": 0.0033333333333333335
        }, 
        "Encode": {
            "Wall": 0.6167253333333333, 
            "CPU": 0.6133333333333333
        }, 
        "Flush": {
            "Wall": 0.045048, 
            "CPU": 0.0
        }, 
        "Overall": {
            "Wall": 0.712767, 
            "CPU": 0.65
        }
    }, 
    "8": {
        "Frequencies": {
            "Wall": 0.03183333333333333, 
            "CPU": 0.10333333333333333
        }, 
        "Tree": {
            "Wall": 0.007345666666666667, 
            "CPU": 0.03
        }, 
        "Encode": {
            "Wall": 0.09047933333333334, 
            "CPU": 0.6266666666666666
        }, 
        "Flush": {
            "Wall": 0.046209, 
            "CPU": 0.006666666666666667
        }, 
        "Overall": {
            "Wall": 0.176172, 
            "CPU": 0.7666666666666666
        }
    }, 
    "10": {
        "Frequencies": {
            "Wall": 0.020472333333333332, 
            "CPU": 0.09333333333333334
        }, 
        "Tree": {
            "Wall": 0.0076033333333333335, 
            "CPU": 0.03666666666666667
        }, 
        "Encode": {
            "Wall": 0.07559166666666665, 
            "CPU": 0.6366666666666667
        }, 
        "Flush": {
            "Wall": 0.043155, 
            "CPU": 0.0033333333333333335
        }, 
        "Overall": {
            "Wall": 0.14710833333333334, 
            "CPU": 0.77
        }
    }, 
    "12": {
        "Frequencies": {
            "Wall": 0.035409, 
            "CPU": 0.18000000000000002
        }, 
        "Tree": {
            "Wall": 0.010313999999999999, 
            "CPU": 0.056666666666666664
        }, 
        "Encode": {
            "Wall": 0.078418, 
            "CPU": 0.6566666666666667
        }, 
        "Flush": {
            "Wall": 0.043163, 
            "CPU": 0.0
        }, 
        "Overall": {
            "Wall": 0.1676243333333333, 
            "CPU": 0.8966666666666666
        }
    }, 
    "48": {
        "Frequencies": {
            "Wall": 0.011594666666666668, 
            "CPU": 0.38000000000000006
        }, 
        "Tree": {
            "Wall": 0.007152666666666666, 
            "CPU": 0.3333333333333333
        }, 
        "Encode": {
            "Wall": 0.030174333333333334, 
            "CPU": 0.8566666666666668
        }, 
        "Flush": {
            "Wall": 0.04481333333333334, 
            "CPU": 0.0033333333333333335
        }, 
        "Overall": {
            "Wall": 0.094012, 
            "CPU": 1.58
        }
    }, 
    "20": {
        "Frequencies": {
            "Wall": 0.030787, 
            "CPU": 0.26
        }, 
        "Tree": {
            "Wall": 0.010374000000000001, 
            "CPU": 0.09000000000000001
        }, 
        "Encode": {
            "Wall": 0.05291766666666667, 
            "CPU": 0.69
        }, 
        "Flush": {
            "Wall": 0.045878, 
            "CPU": 0.0033333333333333335
        }, 
        "Overall": {
            "Wall": 0.140263, 
            "CPU": 1.0433333333333332
        }
    }, 
    "24": {
        "Frequencies": {
            "Wall": 0.035079, 
            "CPU": 0.36000000000000004
        }, 
        "Tree": {
            "Wall": 0.017179, 
            "CPU": 0.11
        }, 
        "Encode": {
            "Wall": 0.058991666666666664, 
            "CPU": 0.69
        }, 
        "Flush": {
            "Wall": 0.04541666666666667, 
            "CPU": 0.0033333333333333335
        }, 
        "Overall": {
            "Wall": 0.15695366666666666, 
            "CPU": 1.1633333333333333
        }
    }, 
    "16": {
        "Frequencies": {
            "Wall": 0.026041666666666668, 
            "CPU": 0.18333333333333335
        }, 
        "Tree": {
            "Wall": 0.0045836666666666664, 
            "CPU": 0.07
        }, 
        "Encode": {
            "Wall": 0.05395466666666667, 
            "CPU": 0.6766666666666666
        }, 
        "Flush": {
            "Wall": 0.04368866666666666, 
            "CPU": 0.0
        }, 
        "Overall": {
            "Wall": 0.1285683333333333, 
            "CPU": 0.93
        }
    }
}