{
    "1": {
        "1": {
            "0": {
                "Tree": {
                    "CPU": 0.1999856666666665,
                    "Wall": 0.2022063333333335
                },
                "Decode": {
                    "CPU": 1.3957003333333329,
                    "Wall": 1.407168666666669
                },
                "Flush": {
                    "CPU": 0.059608333333331924,
                    "Wall": 0.06356133333333182
                },
                "Overall": {
                    "CPU": 1.8414616666666666,
                    "Wall": 1.8602133333333333
                }
            }
        }
    },
    "2": {
        "1": {
            "0": {
                "Tree": {
                    "CPU": 0.10532933333333334,
                    "Wall": 0.10833633333333338
                },
                "Decode": {
                    "CPU": 0.7258353333333348,
                    "Wall": 0.742643
                },
                "Flush": {
                    "CPU": 0.03489533333333361,
                    "Wall": 0.03622400000000026
                },
                "Overall": {
                    "CPU": 0.9893860000000001,
                    "Wall": 1.017793
                }
            },
            "1": {
                "Tree": {
                    "CPU": 0.11046700000000033,
                    "Wall": 0.11333533333333352
                },
                "Decode": {
                    "CPU": 0.7101176666666653,
                    "Wall": 0.7272613333333323
                },
                "Flush": {
                    "CPU": 0.036984000000000294,
                    "Wall": 0.03751666666666691
                },
                "Overall": {
                    "CPU": 0.990005,
                    "Wall": 1.0126416666666667
                }
            }
        }
    },
    "4": {
        "1": {
            "0": {
                "Tree": {
                    "CPU": 0.05188199999999998,
                    "Wall": 0.05489633333333335
                },
                "Decode": {
                    "CPU": 0.3830546666666667,
                    "Wall": 0.3924556666666663
                },
                "Flush": {
                    "CPU": 0.018133000000000055,
                    "Wall": 0.01990300000000005
                },
                "Overall": {
                    "CPU": 0.543054,
                    "Wall": 0.5607106666666667
                }
            },
            "1": {
                "Tree": {
                    "CPU": 0.056429666666666656,
                    "Wall": 0.05921933333333332
                },
                "Decode": {
                    "CPU": 0.3727863333333334,
                    "Wall": 0.38666666666666677
                },
                "Flush": {
                    "CPU": 0.02010066666666669,
                    "Wall": 0.021461333333333374
                },
                "Overall": {
                    "CPU": 0.5430296666666666,
                    "Wall": 0.5650106666666667
                }
            },
            "2": {
                "Tree": {
                    "CPU": 0.06497266666666689,
                    "Wall": 0.06810700000000014
                },
                "Decode": {
                    "CPU": 0.36169200000000035,
                    "Wall": 0.377627666666666
                },
                "Flush": {
                    "CPU": 0.022698666666666766,
                    "Wall": 0.025359333333333428
                },
                "Overall": {
                    "CPU": 0.548705,
                    "Wall": 0.5753849999999999
                }
            },
            "3": {
                "Tree": {
                    "CPU": 0.06327300000000007,
                    "Wall": 0.06844833333333339
                },
                "Decode": {
                    "CPU": 0.36566766666666645,
                    "Wall": 0.3791853333333332
                },
                "Flush": {
                    "CPU": 0.022216333333333393,
                    "Wall": 0.02326366666666671
                },
                "Overall": {
                    "CPU": 0.5474476666666667,
                    "Wall": 0.5757343333333332
                }
            }
        }
    }
}