{
    "64": {
        "Tree": {
            "Wall": 0.007837333333333333, 
            "CPU": 0.0
        }, 
        "Decode": {
            "Wall": 0.005312333333333333, 
            "CPU": 0.28
        }, 
        "Flush": {
            "Wall": 0.016771333333333333, 
            "CPU": 0.8933333333333334
        }, 
        "Overall": {
            "Wall": 0.030347333333333334, 
            "CPU": 1.18
        }
    }, 
    "48": {
        "Tree": {
            "Wall": 0.006310333333333334, 
            "CPU": 0.0
        }, 
        "Decode": {
            "Wall": 0.005142666666666667, 
            "CPU": 0.21
        }, 
        "Flush": {
            "Wall": 0.014673666666666668, 
            "CPU": 0.6566666666666667
        }, 
        "Overall": {
            "Wall": 0.02644, 
            "CPU": 0.87
        }
    }, 
    "2": {
        "Tree": {
            "Wall": 0.006753666666666667, 
            "CPU": 0.0
        }, 
        "Decode": {
            "Wall": 0.057901, 
            "CPU": 0.07666666666666667
        }, 
        "Flush": {
            "Wall": 0.02576233333333333, 
            "CPU": 0.0
        }, 
        "Overall": {
            "Wall": 0.090716, 
            "CPU": 0.07666666666666667
        }
    }, 
    "4": {
        "Tree": {
            "Wall": 0.006135333333333333, 
            "CPU": 0.0033333333333333335
        }, 
        "Decode": {
            "Wall": 0.05191199999999999, 
            "CPU": 0.07666666666666667
        }, 
        "Flush": {
            "Wall": 0.021067666666666665, 
            "CPU": 0.0
        }, 
        "Overall": {
            "Wall": 0.07934366666666666, 
            "CPU": 0.08333333333333333
        }
    }, 
    "6": {
        "Tree": {
            "Wall": 0.005576333333333333, 
            "CPU": 0.0
        }, 
        "Decode": {
            "Wall": 0.07371966666666667, 
            "CPU": 0.07666666666666667
        }, 
        "Flush": {
            "Wall": 0.019153666666666666, 
            "CPU": 0.0
        }, 
        "Overall": {
            "Wall": 0.09859200000000001, 
            "CPU": 0.07666666666666667
        }
    }, 
    "32": {
        "Tree": {
            "Wall": 0.015242333333333335, 
            "CPU": 0.0
        }, 
        "Decode": {
            "Wall": 0.015304666666666666, 
            "CPU": 0.4633333333333334
        }, 
        "Flush": {
            "Wall": 0.014360333333333334, 
            "CPU": 0.4266666666666667
        }, 
        "Overall": {
            "Wall": 0.045261666666666665, 
            "CPU": 0.89
        }
    }, 
    "8": {
        "Tree": {
            "Wall": 0.005168999999999999, 
            "CPU": 0.0
        }, 
        "Decode": {
            "Wall": 0.06925066666666667, 
            "CPU": 0.07666666666666667
        }, 
        "Flush": {
            "Wall": 0.016609000000000002, 
            "CPU": 0.0033333333333333335
        }, 
        "Overall": {
            "Wall": 0.09118066666666667, 
            "CPU": 0.08
        }
    }, 
    "10": {
        "Tree": {
            "Wall": 0.006563, 
            "CPU": 0.0
        }, 
        "Decode": {
            "Wall": 0.07123766666666666, 
            "CPU": 0.07333333333333335
        }, 
        "Flush": {
            "Wall": 0.01945, 
            "CPU": 0.0
        }, 
        "Overall": {
            "Wall": 0.09746333333333333, 
            "CPU": 0.07333333333333335
        }
    }, 
    "12": {
        "Tree": {
            "Wall": 0.006917666666666667, 
            "CPU": 0.0
        }, 
        "Decode": {
            "Wall": 0.09199266666666665, 
            "CPU": 0.08
        }, 
        "Flush": {
            "Wall": 0.018746333333333334, 
            "CPU": 0.0
        }, 
        "Overall": {
            "Wall": 0.11793866666666668, 
            "CPU": 0.08
        }
    }, 
    "16": {
        "Tree": {
            "Wall": 0.005573333333333333, 
            "CPU": 0.0
        }, 
        "Decode": {
            "Wall": 0.09031499999999999, 
            "CPU": 0.08333333333333333
        }, 
        "Flush": {
            "Wall": 0.019172333333333333, 
            "CPU": 0.0
        }, 
        "Overall": {
            "Wall": 0.11521833333333333, 
            "CPU": 0.08666666666666667
        }
    }, 
    "20": {
        "Tree": {
            "Wall": 0.0062383333333333344, 
            "CPU": 0.0033333333333333335
        }, 
        "Decode": {
            "Wall": 0.09238333333333333, 
            "CPU": 0.07666666666666667
        }, 
        "Flush": {
            "Wall": 0.01973533333333333, 
            "CPU": 0.0
        }, 
        "Overall": {
            "Wall": 0.118508, 
            "CPU": 0.08
        }
    }, 
    "1": {
        "Tree": {
            "Wall": 0.009540666666666668, 
            "CPU": 0.0
        }, 
        "Decode": {
            "Wall": 0.08333366666666668, 
            "CPU": 0.06666666666666667
        }, 
        "Flush": {
            "Wall": 0.016069666666666666, 
            "CPU": 0.0033333333333333335
        }, 
        "Overall": {
            "Wall": 0.13038033333333332, 
            "CPU": 0.07
        }
    }, 
    "24": {
        "Tree": {
            "Wall": 0.006435666666666667, 
            "CPU": 0.0
        }, 
        "Decode": {
            "Wall": 0.07614, 
            "CPU": 0.08333333333333333
        }, 
        "Flush": {
            "Wall": 0.021191666666666668, 
            "CPU": 0.0
        }, 
        "Overall": {
            "Wall": 0.10392733333333333, 
            "CPU": 0.08333333333333333
        }
    }
}