{
    "1": {
        "2": {
            "0": {
                "Tree": {
                    "Wall": 290.3479346666661, 
                    "CPU": 2.289999999999966
                }, 
                "Decode": {
                    "Wall": 14.100559999999994, 
                    "CPU": 24.763333333332568
                }, 
                "Flush": {
                    "Wall": 295.7626626666702, 
                    "CPU": 38.99333333334069
                }, 
                "Overall": {
                    "Wall": 813.2746306666667, 
                    "CPU": 71.14999999999999
                }
            }
        }, 
        "1": {
            "0": {
                "Tree": {
                    "Wall": 475.36308399999945, 
                    "CPU": 1.9066666666666408
                }, 
                "Decode": {
                    "Wall": 25.365726000000006, 
                    "CPU": 9.146666666666928
                }, 
                "Flush": {
                    "Wall": 560.1861139999967, 
                    "CPU": 1.0666666666666587
                }, 
                "Overall": {
                    "Wall": 953.3873906666666, 
                    "CPU": 10.88
                }
            }
        }, 
        "4": {
            "0": {
                "Tree": {
                    "Wall": 122.10720899999932, 
                    "CPU": 4.099999999999928
                }, 
                "Decode": {
                    "Wall": 192.2114266666672, 
                    "CPU": 218.24333333330114
                }, 
                "Flush": {
                    "Wall": 164.47636733333312, 
                    "CPU": 145.55999999994137
                }, 
                "Overall": {
                    "Wall": 782.2936786666666, 
                    "CPU": 385.0466666666666
                }
            }
        }
    }, 
    "2": {
        "4": {
            "0": {
                "Tree": {
                    "Wall": 82.75393600000021, 
                    "CPU": 1.6366666666666465
                }, 
                "Decode": {
                    "Wall": 52.91882133333336, 
                    "CPU": 59.7066666666666
                }, 
                "Flush": {
                    "Wall": 92.931396, 
                    "CPU": 75.73666666666477
                }, 
                "Overall": {
                    "Wall": 407.98490033333337, 
                    "CPU": 143.82333333333332
                }
            }, 
            "1": {
                "Tree": {
                    "Wall": 84.92488166666688, 
                    "CPU": 2.1199999999999695
                }, 
                "Decode": {
                    "Wall": 118.61979999999994, 
                    "CPU": 101.0400000000007
                }, 
                "Flush": {
                    "Wall": 105.9633753333333, 
                    "CPU": 74.18333333332869
                }, 
                "Overall": {
                    "Wall": 495.19228933333335, 
                    "CPU": 292.7
                }
            }
        }, 
        "2": {
            "0": {
                "Tree": {
                    "Wall": 81.12617033333373, 
                    "CPU": 1.5299999999999823
                }, 
                "Decode": {
                    "Wall": 47.09075699999996, 
                    "CPU": 26.903333333333958
                }, 
                "Flush": {
                    "Wall": 94.43364000000007, 
                    "CPU": 24.986666666667173
                }, 
                "Overall": {
                    "Wall": 418.3372176666667, 
                    "CPU": 58.53666666666667
                }
            }, 
            "1": {
                "Tree": {
                    "Wall": 79.28428866666674, 
                    "CPU": 1.6366666666666465
                }, 
                "Decode": {
                    "Wall": 86.41329166666664, 
                    "CPU": 37.63333333333536
                }, 
                "Flush": {
                    "Wall": 97.54404733333313, 
                    "CPU": 24.880000000000432
                }, 
                "Overall": {
                    "Wall": 460.183684, 
                    "CPU": 135.0533333333333
                }
            }
        }, 
        "1": {
            "0": {
                "Tree": {
                    "Wall": 50.6869059999998, 
                    "CPU": 0.8566666666666632
                }, 
                "Decode": {
                    "Wall": 7.693249333333362, 
                    "CPU": 5.776666666666627
                }, 
                "Flush": {
                    "Wall": 54.42512799999995, 
                    "CPU": 0.27666666666666684
                }, 
                "Overall": {
                    "Wall": 199.57989433333333, 
                    "CPU": 8.81
                }
            }, 
            "1": {
                "Tree": {
                    "Wall": 50.702509666666835, 
                    "CPU": 0.6866666666666666
                }, 
                "Decode": {
                    "Wall": 11.691603666666646, 
                    "CPU": 8.59333333333335
                }, 
                "Flush": {
                    "Wall": 55.20993333333328, 
                    "CPU": 0.2100000000000001
                }, 
                "Overall": {
                    "Wall": 203.35352533333332, 
                    "CPU": 54.199999999999996
                }
            }
        }
    }, 
    "4": {
        "2": {
            "0": {
                "Tree": {
                    "Wall": 71.13581500000014, 
                    "CPU": 0.7233333333333326
                }, 
                "Decode": {
                    "Wall": 7.4342299999999994, 
                    "CPU": 7.243333333333324
                }, 
                "Flush": {
                    "Wall": 73.42497466666664, 
                    "CPU": 12.583333333333682
                }, 
                "Overall": {
                    "Wall": 257.983039, 
                    "CPU": 22.863333333333333
                }
            }, 
            "1": {
                "Tree": {
                    "Wall": 72.46524399999991, 
                    "CPU": 0.8266666666666637
                }, 
                "Decode": {
                    "Wall": 20.651873666666674, 
                    "CPU": 14.276666666666914
                }, 
                "Flush": {
                    "Wall": 76.66813800000033, 
                    "CPU": 13.346666666666865
                }, 
                "Overall": {
                    "Wall": 275.32105099999995, 
                    "CPU": 102.52
                }
            }, 
            "2": {
                "Tree": {
                    "Wall": 70.62234233333345, 
                    "CPU": 0.6800000000000002
                }, 
                "Decode": {
                    "Wall": 10.153836000000004, 
                    "CPU": 7.990000000000038
                }, 
                "Flush": {
                    "Wall": 74.27125233333366, 
                    "CPU": 12.31666666666706
                }, 
                "Overall": {
                    "Wall": 259.3518666666667, 
                    "CPU": 93.55666666666667
                }
            }, 
            "3": {
                "Tree": {
                    "Wall": 74.98257466666705, 
                    "CPU": 0.8799999999999959
                }, 
                "Decode": {
                    "Wall": 11.625396666666646, 
                    "CPU": 8.353333333333397
                }, 
                "Flush": {
                    "Wall": 80.1888396666664, 
                    "CPU": 14.36
                }, 
                "Overall": {
                    "Wall": 274.326464, 
                    "CPU": 96.36333333333333
                }
            }
        },