{
    "64": {
        "Frequencies": {
            "Wall": 7.226728333333334, 
            "CPU": 459.73
        }, 
        "Tree": {
            "Wall": 0.7936976666666666, 
            "CPU": 1.4100000000000001
        }, 
        "Encode": {
            "Wall": 56.94249533333334, 
            "CPU": 3605.3233333333333
        }, 
        "Flush": {
            "Wall": 20.030221, 
            "CPU": 0.3933333333333333
        }, 
        "Overall": {
            "Wall": 85.031909, 
            "CPU": 4067.7000000000003
        }
    }, 
    "32": {
        "Frequencies": {
            "Wall": 6.238225666666668, 
            "CPU": 198.0533333333333
        }, 
        "Tree": {
            "Wall": 0.7151726666666667, 
            "CPU": 0.9366666666666666
        }, 
        "Encode": {
            "Wall": 40.491459, 
            "CPU": 1286.9366666666667
        }, 
        "Flush": {
            "Wall": 25.522373, 
            "CPU": 0.4833333333333334
        }, 
        "Overall": {
            "Wall": 73.01096433333333, 
            "CPU": 1486.8533333333332
        }
    }, 
    "2": {
        "Frequencies": {
            "Wall": 37.930427, 
            "CPU": 53.23666666666666
        }, 
        "Tree": {
            "Wall": 0.795924, 
            "CPU": 0.7533333333333333
        }, 
        "Encode": {
            "Wall": 328.5801166666667, 
            "CPU": 654.8366666666667
        }, 
        "Flush": {
            "Wall": 3.1558659999999996, 
            "CPU": 0.1466666666666667
        }, 
        "Overall": {
            "Wall": 370.54901966666665, 
            "CPU": 709.0633333333334
        }
    }, 
    "4": {
        "Frequencies": {
            "Wall": 12.885283333333334, 
            "CPU": 51.39666666666667
        }, 
        "Tree": {
            "Wall": 1.1356923333333335, 
            "CPU": 1.06
        }, 
        "Encode": {
            "Wall": 170.40860966666665, 
            "CPU": 679.4033333333333
        }, 
        "Flush": {
            "Wall": 3.714590666666666, 
            "CPU": 0.17666666666666667
        }, 
        "Overall": {
            "Wall": 188.22784866666666, 
            "CPU": 732.13
        }
    }, 
    "6": {
        "Frequencies": {
            "Wall": 10.362639333333334, 
            "CPU": 61.949999999999996
        }, 
        "Tree": {
            "Wall": 1.1960873333333333, 
            "CPU": 1.0966666666666665
        }, 
        "Encode": {
            "Wall": 119.68244666666665, 
            "CPU": 714.5266666666666
        }, 
        "Flush": {
            "Wall": 4.848311, 
            "CPU": 0.22666666666666668
        }, 
        "Overall": {
            "Wall": 136.17186166666667, 
            "CPU": 777.9033333333333
        }
    }, 
    "1": {
        "Frequencies": {
            "Wall": 53.76409233333334, 
            "CPU": 34.76
        }, 
        "Tree": {
            "Wall": 0.75473, 
            "CPU": 0.66
        }, 
        "Encode": {
            "Wall": 639.3368666666667, 
            "CPU": 637.8133333333334
        }, 
        "Flush": {
            "Wall": 1.0473986666666666, 
            "CPU": 0.05333333333333334
        }, 
        "Overall": {
            "Wall": 694.9749883333334, 
            "CPU": 673.36
        }
    }, 
    "8": {
        "Frequencies": {
            "Wall": 8.666638333333333, 
            "CPU": 69.02
        }, 
        "Tree": {
            "Wall": 0.9871106666666666, 
            "CPU": 0.8266666666666667
        }, 
        "Encode": {
            "Wall": 95.12316266666666, 
            "CPU": 758.1199999999999
        }, 
        "Flush": {
            "Wall": 8.742070666666667, 
            "CPU": 0.29
        }, 
        "Overall": {
            "Wall": 113.58777966666668, 
            "CPU": 828.3566666666667
        }
    }, 
    "10": {
        "Frequencies": {
            "Wall": 8.113236333333333, 
            "CPU": 80.69
        }, 
        "Tree": {
            "Wall": 0.9185636666666666, 
            "CPU": 0.8333333333333334
        }, 
        "Encode": {
            "Wall": 79.80543533333334, 
            "CPU": 794.5500000000001
        }, 
        "Flush": {
            "Wall": 15.120966666666668, 
            "CPU": 0.32666666666666666
        }, 
        "Overall": {
            "Wall": 104.02542799999999, 
            "CPU": 876.5133333333333
        }
    }, 
    "12": {
        "Frequencies": {
            "Wall": 7.436264666666666, 
            "CPU": 88.67
        }, 
        "Tree": {
            "Wall": 0.9134296666666666, 
            "CPU": 0.82
        }, 
        "Encode": {
            "Wall": 68.87527166666668, 
            "CPU": 822.5333333333333
        }, 
        "Flush": {
            "Wall": 16.432931333333332, 
            "CPU": 0.5566666666666666
        }, 
        "Overall": {
            "Wall": 93.72265900000001, 
            "CPU": 912.71
        }
    }, 
    "48": {
        "Frequencies": {
            "Wall": 6.719954, 
            "CPU": 318.95
        }, 
        "Tree": {
            "Wall": 0.7188526666666667, 
            "CPU": 1.1366666666666667
        }, 
        "Encode": {
            "Wall": 29.374690666666666, 
            "CPU": 1402.4533333333336
        }, 
        "Flush": {
            "Wall": 28.956940666666664, 
            "CPU": 0.61
        }, 
        "Overall": {
            "Wall": 65.80734566666666, 
            "CPU": 1723.7933333333333
        }
    }, 
    "20": {
        "Frequencies": {
            "Wall": 6.755639666666667, 
            "CPU": 133.70666666666668
        }, 
        "Tree": {
            "Wall": 0.9155673333333333, 
            "CPU": 0.8433333333333333
        }, 
        "Encode": {
            "Wall": 47.572651, 
            "CPU": 948.1866666666666
        }, 
        "Flush": {
            "Wall": 27.90260566666667, 
            "CPU": 0.91
        }, 
        "Overall": {
            "Wall": 83.20835533333333, 
            "CPU": 1083.8066666666666
        }
    }, 
    "24": {
        "Frequencies": {
            "Wall": 7.045447666666667, 
            "CPU": 167.30999999999997
        }, 
        "Tree": {
            "Wall": 0.7210399999999999, 
            "CPU": 0.9533333333333335
        }, 
        "Encode": {
            "Wall": 39.443558333333335, 
            "CPU": 939.68
        }, 
        "Flush": {
            "Wall": 29.03323933333333, 
            "CPU": 0.7133333333333334
        }, 
        "Overall": {
            "Wall": 76.28909433333334, 
            "CPU": 1109.0
        }
    }, 
    "16": {
        "Frequencies": {
            "Wall": 36.57665233333333, 
            "CPU": 463.17
        }, 
        "Tree": {
            "Wall": 0.7553123333333334, 
            "CPU": 0.7433333333333333
        }, 
        "Encode": {
            "Wall": 53.341528000000004, 
            "CPU": 846.5166666666668
        }, 
        "Flush": {
            "Wall": 26.081301333333332, 
            "CPU": 0.4033333333333333
        }, 
        "Overall": {
            "Wall": 116.82487433333331, 
            "CPU": 1311.03
        }
    }
}