{
    "1": {
        "Frequencies": {
            "Wall": 53.76409233333334, 
            "CPU": 34.76
        }, 
        "Tree": {
            "Wall": 0.75473, 
            "CPU": 0.66
        }, 
        "Encode": {
            "Wall": 639.3368666666667, 
            "CPU": 637.8133333333334
        }, 
        "Flush": {
            "Wall": 1.0473986666666666, 
            "CPU": 0.05333333333333334
        }, 
        "Overall": {
            "Wall": 694.9749883333334, 
            "CPU": 673.36
        }
    }, 
    "2": {
        "Frequencies": {
            "Wall": 37.930427, 
            "CPU": 53.23666666666666
        }, 
        "Tree": {
            "Wall": 0.795924, 
            "CPU": 0.7533333333333333
        }, 
        "Encode": {
            "Wall": 328.5801166666667, 
            "CPU": 654.8366666666667
        }, 
        "Flush": {
            "Wall": 3.1558659999999996, 
            "CPU": 0.1466666666666667
        }, 
        "Overall": {
            "Wall": 370.54901966666665, 
            "CPU": 709.0633333333334
        }
    }, 
    "4": {
        "Frequencies": {
            "Wall": 12.885283333333334, 
            "CPU": 51.39666666666667
        }, 
        "Tree": {
            "Wall": 1.1356923333333335, 
            "CPU": 1.06
        }, 
        "Encode": {
            "Wall": 170.40860966666665, 
            "CPU": 679.4033333333333
        }, 
        "Flush": {
            "Wall": 3.714590666666666, 
            "CPU": 0.17666666666666667
        }, 
        "Overall": {
            "Wall": 188.22784866666666, 
            "CPU": 732.13
        }
    }, 
    "6": {
        "Frequencies": {
            "Wall": 10.362639333333334, 
            "CPU": 61.949999999999996
        }, 
        "Tree": {
            "Wall": 1.1960873333333333, 
            "CPU": 1.0966666666666665
        }, 
        "Encode": {
            "Wall": 119.68244666666665, 
            "CPU": 714.5266666666666
        }, 
        "Flush": {
            "Wall": 4.848311, 
            "CPU": 0.22666666666666668
        }, 
        "Overall": {
            "Wall": 136.17186166666667, 
            "CPU": 777.9033333333333
        }
    }, 
    "8": {
        "Frequencies": {
            "Wall": 8.666638333333333, 
            "CPU": 69.02
        }, 
        "Tree": {
            "Wall": 0.9871106666666666, 
            "CPU": 0.8266666666666667
        }, 
        "Encode": {
            "Wall": 95.12316266666666, 
            "CPU": 758.1199999999999
        }, 
        "Flush": {
            "Wall": 8.742070666666667, 
            "CPU": 0.29
        }, 
        "Overall": {
            "Wall": 113.58777966666668, 
            "CPU": 828.3566666666667
        }
    }, 
    "10": {
        "Frequencies": {
            "Wall": 8.113236333333333, 
            "CPU": 80.69
        }, 
        "Tree": {
            "Wall": 0.9185636666666666, 
            "CPU": 0.8333333333333334
        }, 
        "Encode": {
            "Wall": 79.80543533333334, 
            "CPU": 794.5500000000001
        }, 
        "Flush": {
            "Wall": 15.120966666666668, 
            "CPU": 0.32666666666666666
        }, 
        "Overall": {
            "Wall": 104.02542799999999, 
            "CPU": 876.5133333333333
        }
    }, 
    "12": {
        "Frequencies": {
            "Wall": 7.436264666666666, 
            "CPU": 88.67
        }, 
        "Tree": {
            "Wall": 0.9134296666666666, 
            "CPU": 0.82
        }, 
        "Encode": {
            "Wall": 68.87527166666668, 
            "CPU": 822.5333333333333
        }, 
        "Flush": {
            "Wall": 16.432931333333332, 
            "CPU": 0.5566666666666666
        }, 
        "Overall": {
            "Wall": 93.72265900000001, 
            "CPU": 912.71
        }
    }, 
    "16": {
        "Frequencies": {
            "Wall": 36.57665233333333, 
            "CPU": 463.17
        }, 
        "Tree": {
            "Wall": 0.7553123333333334, 
            "CPU": 0.7433333333333333
        }, 
        "Encode": {
            "Wall": 53.341528000000004, 
            "CPU": 846.5166666666668
        }, 
        "Flush": {
            "Wall": 26.081301333333332, 
            "CPU": 0.4033333333333333
        }, 
        "Overall": {
            "Wall": 116.82487433333331, 
            "CPU": 1311.03
        }
    }, 
    "20": {
        "Frequencies": {
            "Wall": 6.755639666666667, 
            "CPU": 133.70666666666668
        }, 
        "Tree": {
            "Wall": 0.9155673333333333, 
            "CPU": 0.8433333333333333
        }, 
        "Encode": {
            "Wall": 47.572651, 
            "CPU": 948.1866666666666
        }, 
        "Flush": {
            "Wall": 27.90260566666667, 
            "CPU": 0.91
        }, 
        "Overall": {
            "Wall": 83.20835533333333, 
            "CPU": 1083.8066666666666
        }
    }, 
    "24": {
        "Frequencies": {
            "Wall": 6.9600773333333334, 
            "CPU": 162.3033333333333
        }, 
        "Tree": {
            "Wall": 0.8790526666666668, 
            "CPU": 0.8333333333333334
        }, 
        "Encode": {
            "Wall": 48.64356899999999, 
            "CPU": 1159.0
        }, 
        "Flush": {
            "Wall": 25.506976999999996, 
            "CPU": 0.8766666666666668
        }, 
        "Overall": {
            "Wall": 82.05291766666666, 
            "CPU": 1323.1966666666667
        }
    }
}