{
    "64": {
        "Frequencies": {
            "Wall": 0.05062733333333333, 
            "CPU": 3.0
        }, 
        "Tree": {
            "Wall": 0.012746666666666665, 
            "CPU": 0.7533333333333333
        }, 
        "Encode": {
            "Wall": 0.13160366666666667, 
            "CPU": 8.396666666666667
        }, 
        "Flush": {
            "Wall": 0.19834266666666667, 
            "CPU": 0.8033333333333333
        }, 
        "Overall": {
            "Wall": 0.3937536666666666, 
            "CPU": 12.976666666666668
        }
    }, 
    "32": {
        "Frequencies": {
            "Wall": 0.04062166666666667, 
            "CPU": 1.0
        }, 
        "Tree": {
            "Wall": 0.041481333333333335, 
            "CPU": 0.4000000000000001
        }, 
        "Encode": {
            "Wall": 0.139323, 
            "CPU": 4.443333333333334
        }, 
        "Flush": {
            "Wall": 0.3146926666666667, 
            "CPU": 0.39333333333333337
        }, 
        "Overall": {
            "Wall": 0.5366313333333333, 
            "CPU": 6.246666666666666
        }
    }, 
    "2": {
        "Frequencies": {
            "Wall": 0.10229266666666666, 
            "CPU": 0.19666666666666668
        }, 
        "Tree": {
            "Wall": 0.014913333333333334, 
            "CPU": 0.0
        }, 
        "Encode": {
            "Wall": 1.7545149999999998, 
            "CPU": 3.5066666666666664
        }, 
        "Flush": {
            "Wall": 0.265642, 
            "CPU": 0.016666666666666666
        }, 
        "Overall": {
            "Wall": 2.1377626666666667, 
            "CPU": 3.72
        }
    }, 
    "4": {
        "Frequencies": {
            "Wall": 0.07648100000000001, 
            "CPU": 0.24333333333333332
        }, 
        "Tree": {
            "Wall": 0.013958666666666666, 
            "CPU": 0.02
        }, 
        "Encode": {
            "Wall": 0.9147103333333334, 
            "CPU": 3.65
        }, 
        "Flush": {
            "Wall": 0.27302200000000004, 
            "CPU": 0.02666666666666667
        }, 
        "Overall": {
            "Wall": 1.2788376666666668, 
            "CPU": 3.94
        }
    }, 
    "6": {
        "Frequencies": {
            "Wall": 0.06539566666666667, 
            "CPU": 0.2866666666666667
        }, 
        "Tree": {
            "Wall": 0.012969666666666666, 
            "CPU": 0.04
        }, 
        "Encode": {
            "Wall": 0.6243986666666667, 
            "CPU": 3.733333333333334
        }, 
        "Flush": {
            "Wall": 0.317228, 
            "CPU": 0.03
        }, 
        "Overall": {
            "Wall": 1.0203373333333334, 
            "CPU": 4.093333333333333
        }
    }, 
    "1": {
        "Frequencies": {
            "Wall": 0.3705043333333333, 
            "CPU": 0.16666666666666666
        }, 
        "Tree": {
            "Wall": 0.020843333333333335, 
            "CPU": 0.0033333333333333335
        }, 
        "Encode": {
            "Wall": 3.3026866666666663, 
            "CPU": 3.2900000000000005
        }, 
        "Flush": {
            "Wall": 0.22950833333333334, 
            "CPU": 0.013333333333333334
        }, 
        "Overall": {
            "Wall": 3.924122333333333, 
            "CPU": 3.473333333333333
        }
    }, 
    "8": {
        "Frequencies": {
            "Wall": 0.05546666666666667, 
            "CPU": 0.34
        }, 
        "Tree": {
            "Wall": 0.04279133333333333, 
            "CPU": 0.03333333333333333
        }, 
        "Encode": {
            "Wall": 0.48835333333333336, 
            "CPU": 3.893333333333333
        }, 
        "Flush": {
            "Wall": 0.27048633333333333, 
            "CPU": 0.04666666666666667
        }, 
        "Overall": {
            "Wall": 0.8574576666666666, 
            "CPU": 4.32
        }
    }, 
    "10": {
        "Frequencies": {
            "Wall": 0.070666, 
            "CPU": 0.4766666666666666
        }, 
        "Tree": {
            "Wall": 0.020021666666666663, 
            "CPU": 0.04666666666666667
        }, 
        "Encode": {
            "Wall": 0.432568, 
            "CPU": 4.176666666666667
        }, 
        "Flush": {
            "Wall": 0.23525566666666667, 
            "CPU": 0.056666666666666664
        }, 
        "Overall": {
            "Wall": 0.7588656666666668, 
            "CPU": 4.756666666666667
        }
    }, 
    "12": {
        "Frequencies": {
            "Wall": 0.16806566666666667, 
            "CPU": 1.23
        }, 
        "Tree": {
            "Wall": 0.02231933333333333, 
            "CPU": 0.06333333333333334
        }, 
        "Encode": {
            "Wall": 0.3431503333333333, 
            "CPU": 4.1066666666666665
        }, 
        "Flush": {
            "Wall": 0.24344900000000003, 
            "CPU": 0.06
        }, 
        "Overall": {
            "Wall": 0.7773436666666665, 
            "CPU": 5.463333333333334
        }
    }, 
    "48": {
        "Frequencies": {
            "Wall": 0.03396533333333333, 
            "CPU": 1.4733333333333334
        }, 
        "Tree": {
            "Wall": 0.010166, 
            "CPU": 0.4766666666666666
        }, 
        "Encode": {
            "Wall": 0.178279, 
            "CPU": 8.530000000000001
        }, 
        "Flush": {
            "Wall": 0.19431733333333331, 
            "CPU": 0.5966666666666667
        }, 
        "Overall": {
            "Wall": 0.41710766666666665, 
            "CPU": 11.106666666666667
        }
    }, 
    "20": {
        "Frequencies": {
            "Wall": 0.20167066666666666, 
            "CPU": 2.2899999999999996
        }, 
        "Tree": {
            "Wall": 0.03087266666666667, 
            "CPU": 0.10333333333333335
        }, 
        "Encode": {
            "Wall": 0.295271, 
            "CPU": 5.413333333333334
        }, 
        "Flush": {
            "Wall": 0.22407233333333332, 
            "CPU": 0.11333333333333333
        }, 
        "Overall": {
            "Wall": 0.7522570000000001, 
            "CPU": 7.919999999999999
        }
    }, 
    "24": {
        "Frequencies": {
            "Wall": 0.036517666666666664, 
            "CPU": 0.8066666666666666
        }, 
        "Tree": {
            "Wall": 0.010078, 
            "CPU": 0.24
        }, 
        "Encode": {
            "Wall": 0.176581, 
            "CPU": 4.223333333333334
        }, 
        "Flush": {
            "Wall": 0.19961933333333334, 
            "CPU": 0.3033333333333334
        }, 
        "Overall": {
            "Wall": 0.4235686666666667, 
            "CPU": 5.573333333333333
        }
    }, 
    "16": {
        "Frequencies": {
            "Wall": 0.144437, 
            "CPU": 1.3566666666666667
        }, 
        "Tree": {
            "Wall": 0.017869333333333334, 
            "CPU": 0.08333333333333333
        }, 
        "Encode": {
            "Wall": 0.2657503333333333, 
            "CPU": 4.236666666666667
        }, 
        "Flush": {
            "Wall": 0.22990599999999997, 
            "CPU": 0.08333333333333333
        }, 
        "Overall": {
            "Wall": 0.6582836666666667, 
            "CPU": 5.760000000000001
        }
    }
}