{
    "1": {
        "Tree": {
            "Wall": 0.6334399999999999, 
            "CPU": 0.45
        }, 
        "Decode": {
            "Wall": 349.890378, 
            "CPU": 346.32666666666665
        }, 
        "Flush": {
            "Wall": 1.8607289999999999, 
            "CPU": 0.056666666666666664
        }, 
        "Overall": {
            "Wall": 352.3856426666666, 
            "CPU": 346.83666666666676
        }
    }, 
    "2": {
        "Tree": {
            "Wall": 0.7448003333333334, 
            "CPU": 0.5233333333333333
        }, 
        "Decode": {
            "Wall": 471.3404286666667, 
            "CPU": 359.56333333333333
        }, 
        "Flush": {
            "Wall": 2.9974636666666665, 
            "CPU": 0.07666666666666667
        }, 
        "Overall": {
            "Wall": 475.086871, 
            "CPU": 360.16333333333336
        }
    }, 
    "4": {
        "Tree": {
            "Wall": 0.9088593333333334, 
            "CPU": 0.7766666666666667
        }, 
        "Decode": {
            "Wall": 257.7141733333333, 
            "CPU": 361.09
        }, 
        "Flush": {
            "Wall": 7.269281666666667, 
            "CPU": 0.2833333333333333
        }, 
        "Overall": {
            "Wall": 265.89397166666663, 
            "CPU": 362.15000000000003
        }
    }, 
    "6": {
        "Tree": {
            "Wall": 0.87641, 
            "CPU": 0.49666666666666676
        }, 
        "Decode": {
            "Wall": 197.061281, 
            "CPU": 376.55
        }, 
        "Flush": {
            "Wall": 6.7191806666666665, 
            "CPU": 0.14333333333333334
        }, 
        "Overall": {
            "Wall": 204.66138700000002, 
            "CPU": 377.19
        }
    }, 
    "8": {
        "Tree": {
            "Wall": 0.8748386666666667, 
            "CPU": 0.7266666666666667
        }, 
        "Decode": {
            "Wall": 140.15413733333335, 
            "CPU": 381.98333333333335
        }, 
        "Flush": {
            "Wall": 15.19638866666667, 
            "CPU": 0.42333333333333334
        }, 
        "Overall": {
            "Wall": 156.22714733333333, 
            "CPU": 383.1333333333334
        }
    }, 
    "10": {
        "Tree": {
            "Wall": 0.8806546666666666, 
            "CPU": 0.7200000000000001
        }, 
        "Decode": {
            "Wall": 124.85319666666668, 
            "CPU": 371.2633333333333
        }, 
        "Flush": {
            "Wall": 14.159175666666664, 
            "CPU": 0.17333333333333334
        }, 
        "Overall": {
            "Wall": 139.89447033333332, 
            "CPU": 372.16333333333336
        }
    }, 
    "12": {
        "Tree": {
            "Wall": 1.0048173333333335, 
            "CPU": 0.7200000000000001
        }, 
        "Decode": {
            "Wall": 110.63431466666668, 
            "CPU": 370.80333333333334
        }, 
        "Flush": {
            "Wall": 16.006930333333333, 
            "CPU": 0.37333333333333335
        }, 
        "Overall": {
            "Wall": 127.64890933333334, 
            "CPU": 371.8966666666667
        }
    }, 
    "16": {
        "Tree": {
            "Wall": 0.8708553333333334, 
            "CPU": 0.7200000000000001
        }, 
        "Decode": {
            "Wall": 91.40098766666665, 
            "CPU": 373.0
        }, 
        "Flush": {
            "Wall": 16.971848333333334, 
            "CPU": 0.4533333333333333
        }, 
        "Overall": {
            "Wall": 109.24542066666667, 
            "CPU": 374.17333333333335
        }
    }, 
    "20": {
        "Tree": {
            "Wall": 0.854456, 
            "CPU": 0.7033333333333333
        }, 
        "Decode": {
            "Wall": 74.58196633333334, 
            "CPU": 375.7966666666666
        }, 
        "Flush": {
            "Wall": 25.480323666666663, 
            "CPU": 0.37666666666666665
        }, 
        "Overall": {
            "Wall": 100.91847833333334, 
            "CPU": 376.8766666666666
        }
    }, 
    "24": {
        "Tree": {
            "Wall": 0.8356323333333333, 
            "CPU": 0.6833333333333332
        }, 
        "Decode": {
            "Wall": 62.539332333333334, 
            "CPU": 375.1166666666666
        }, 
        "Flush": {
            "Wall": 26.513846666666666, 
            "CPU": 0.4466666666666666
        }, 
        "Overall": {
            "Wall": 89.88987766666666, 
            "CPU": 376.25
        }
    }
}