{
    "1": {
        "1": {
            "0": {
                "Tree": {
                    "CPU": 9.417515666666661,
                    "Wall": 16.577567666667022
                },
                "Decode": {
                    "CPU": 47.67702066666672,
                    "Wall": 49.28609033333472
                },
                "Flush": {
                    "CPU": 2.308269999999909,
                    "Wall": 2.527673333333246
                },
                "Overall": {
                    "CPU": 67.28793300000001,
                    "Wall": 80.37651433333333
                }
            }
        }
    },
    "2": {
        "1": {
            "0": {
                "Tree": {
                    "CPU": 5.084206666667097,
                    "Wall": 9.375056666666739
                },
                "Decode": {
                    "CPU": 24.737360333333783,
                    "Wall": 26.295788666667033
                },
                "Flush": {
                    "CPU": 1.3392876666669926,
                    "Wall": 1.5853693333335743
                },
                "Overall": {
                    "CPU": 36.749107333333335,
                    "Wall": 47.885626
                }
            },
            "1": {
                "Tree": {
                    "CPU": 5.072693000000328,
                    "Wall": 9.42195599999995
                },
                "Decode": {
                    "CPU": 24.737994000000384,
                    "Wall": 26.232784000000276
                },
                "Flush": {
                    "CPU": 1.339414000000313,
                    "Wall": 1.561522000000263
                },
                "Overall": {
                    "CPU": 41.442204333333336,
                    "Wall": 47.79441633333334
                }
            }
        }
    },
    "4": {
        "1": {
            "0": {
                "Tree": {
                    "CPU": 2.858203666666683,
                    "Wall": 5.357765666666591
                },
                "Decode": {
                    "CPU": 12.84428433333344,
                    "Wall": 13.802319666666717
                },
                "Flush": {
                    "CPU": 0.8540919999999964,
                    "Wall": 1.0143770000000254
                },
                "Overall": {
                    "CPU": 20.946268333333332,
                    "Wall": 29.589815333333334
                }
            },
            "1": {
                "Tree": {
                    "CPU": 2.8611699999999782,
                    "Wall": 5.375950333333318
                },
                "Decode": {
                    "CPU": 12.873185333333467,
                    "Wall": 13.772145000000117
                },
                "Flush": {
                    "CPU": 0.8512716666666669,
                    "Wall": 1.0215430000000285
                },
                "Overall": {
                    "CPU": 25.754977333333333,
                    "Wall": 29.544959666666667
                }
            },
            "2": {
                "Tree": {
                    "CPU": 2.8850443333333367,
                    "Wall": 5.434761999999949
                },
                "Decode": {
                    "CPU": 12.846140666666784,
                    "Wall": 13.811103666666769
                },
                "Flush": {
                    "CPU": 0.8586396666666599,
                    "Wall": 0.9909943333333565
                },
                "Overall": {
                    "CPU": 25.794858,
                    "Wall": 29.66873733333333
                }
            },
            "3": {
                "Tree": {
                    "CPU": 2.851676999999986,
                    "Wall": 5.342391999999914
                },
                "Decode": {
                    "CPU": 12.877879666666793,
                    "Wall": 13.827404000000085
                },
                "Flush": {
                    "CPU": 0.8553439999999887,
                    "Wall": 1.0185790000000061
                },
                "Overall": {
                    "CPU": 25.766169666666666,
                    "Wall": 29.579930333333333
                }
            }
        }
    }
}