{
    "1": {
        "Frequencies": {
            "Wall": 4.678440666666667, 
            "CPU": 3.1833333333333336
        }, 
        "Tree": {
            "Wall": 0.07367766666666666, 
            "CPU": 0.05000000000000001
        }, 
        "Encode": {
            "Wall": 62.74805766666666, 
            "CPU": 62.593333333333334
        }, 
        "Flush": {
            "Wall": 0.9840933333333334, 
            "CPU": 0.03333333333333333
        }, 
        "Overall": {
            "Wall": 68.48910133333332, 
            "CPU": 65.86333333333334
        }
    }, 
    "2": {
        "Frequencies": {
            "Wall": 1.7808380000000001, 
            "CPU": 3.543333333333333
        }, 
        "Tree": {
            "Wall": 0.10714066666666666, 
            "CPU": 0.07333333333333335
        }, 
        "Encode": {
            "Wall": 62.355062000000004, 
            "CPU": 63.74333333333333
        }, 
        "Flush": {
            "Wall": 1.6935326666666668, 
            "CPU": 0.04
        }, 
        "Overall": {
            "Wall": 65.94175233333334, 
            "CPU": 67.40333333333335
        }
    }, 
    "4": {
        "Frequencies": {
            "Wall": 1.0998766666666666, 
            "CPU": 4.319999999999999
        }, 
        "Tree": {
            "Wall": 0.09714666666666666, 
            "CPU": 0.08
        }, 
        "Encode": {
            "Wall": 17.229959666666666, 
            "CPU": 65.25333333333333
        }, 
        "Flush": {
            "Wall": 2.7408040000000002, 
            "CPU": 0.11
        }, 
        "Overall": {
            "Wall": 21.172819666666665, 
            "CPU": 69.76333333333334
        }
    }, 
    "6": {
        "Frequencies": {
            "Wall": 0.8477169999999999, 
            "CPU": 5.003333333333333
        }, 
        "Tree": {
            "Wall": 0.10916966666666666, 
            "CPU": 0.09000000000000001
        }, 
        "Encode": {
            "Wall": 11.938663666666665, 
            "CPU": 65.02
        }, 
        "Flush": {
            "Wall": 3.5252513333333333, 
            "CPU": 0.11
        }, 
        "Overall": {
            "Wall": 16.425444, 
            "CPU": 70.22666666666667
        }
    }, 
    "8": {
        "Frequencies": {
            "Wall": 0.7226720000000001, 
            "CPU": 5.670000000000001
        }, 
        "Tree": {
            "Wall": 0.11103999999999999, 
            "CPU": 0.10333333333333335
        }, 
        "Encode": {
            "Wall": 9.152976333333333, 
            "CPU": 64.15999999999998
        }, 
        "Flush": {
            "Wall": 3.656914, 
            "CPU": 0.16666666666666666
        }, 
        "Overall": {
            "Wall": 13.648091, 
            "CPU": 70.10666666666667
        }
    }, 
    "10": {
        "Frequencies": {
            "Wall": 0.6596626666666667, 
            "CPU": 6.453333333333333
        }, 
        "Tree": {
            "Wall": 0.099192, 
            "CPU": 0.11333333333333333
        }, 
        "Encode": {
            "Wall": 7.581769666666666, 
            "CPU": 64.47333333333331
        }, 
        "Flush": {
            "Wall": 3.731157666666667, 
            "CPU": 0.17
        }, 
        "Overall": {
            "Wall": 12.076650333333333, 
            "CPU": 71.22000000000001
        }
    }, 
    "12": {
        "Frequencies": {
            "Wall": 0.622493, 
            "CPU": 7.266666666666667
        }, 
        "Tree": {
            "Wall": 0.10057433333333334, 
            "CPU": 0.12333333333333334
        }, 
        "Encode": {
            "Wall": 6.505156666666667, 
            "CPU": 64.39
        }, 
        "Flush": {
            "Wall": 3.733480333333333, 
            "CPU": 0.17333333333333334
        }, 
        "Overall": {
            "Wall": 10.966416666666667, 
            "CPU": 71.96666666666667
        }
    }, 
    "16": {
        "Frequencies": {
            "Wall": 0.5591303333333334, 
            "CPU": 8.676666666666668
        }, 
        "Tree": {
            "Wall": 0.102142, 
            "CPU": 0.14333333333333334
        }, 
        "Encode": {
            "Wall": 5.362674000000001, 
            "CPU": 67.84666666666668
        }, 
        "Flush": {
            "Wall": 3.766945666666667, 
            "CPU": 0.17666666666666667
        }, 
        "Overall": {
            "Wall": 9.795366666666666, 
            "CPU": 76.84333333333333
        }
    }, 
    "20": {
        "Frequencies": {
            "Wall": 0.5327706666666666, 
            "CPU": 10.339999999999998
        }, 
        "Tree": {
            "Wall": 0.102097, 
            "CPU": 0.16
        }, 
        "Encode": {
            "Wall": 4.612456666666667, 
            "CPU": 69.88666666666667
        }, 
        "Flush": {
            "Wall": 3.784099, 
            "CPU": 0.17
        }, 
        "Overall": {
            "Wall": 9.035617666666667, 
            "CPU": 80.56666666666666
        }
    }, 
    "24": {
        "Frequencies": {
            "Wall": 0.5103173333333333, 
            "CPU": 11.926666666666668
        }, 
        "Tree": {
            "Wall": 0.10358933333333332, 
            "CPU": 0.18666666666666668
        }, 
        "Encode": {
            "Wall": 4.101115666666666, 
            "CPU": 71.98666666666666
        }, 
        "Flush": {
            "Wall": 3.6226529999999997, 
            "CPU": 0.17
        }, 
        "Overall": {
            "Wall": 8.34237, 
            "CPU": 84.27333333333333
        }
    }
}