{
    "64": {
        "Tree": {
            "Wall": 0.09791966666666667, 
            "CPU": 0.0
        }, 
        "Decode": {
            "Wall": 0.02780266666666667, 
            "CPU": 0.86
        }, 
        "Flush": {
            "Wall": 0.27754466666666666, 
            "CPU": 0.01
        }, 
        "Overall": {
            "Wall": 0.4036403333333333, 
            "CPU": 0.87
        }
    }, 
    "48": {
        "Tree": {
            "Wall": 0.056526999999999994, 
            "CPU": 0.0
        }, 
        "Decode": {
            "Wall": 0.030651, 
            "CPU": 0.8633333333333333
        }, 
        "Flush": {
            "Wall": 0.3524053333333333, 
            "CPU": 0.0033333333333333335
        }, 
        "Overall": {
            "Wall": 0.439807, 
            "CPU": 0.8666666666666667
        }
    }, 
    "2": {
        "Tree": {
            "Wall": 0.008919666666666668, 
            "CPU": 0.0033333333333333335
        }, 
        "Decode": {
            "Wall": 0.3986063333333334, 
            "CPU": 0.73
        }, 
        "Flush": {
            "Wall": 0.09269166666666667, 
            "CPU": 0.0
        }, 
        "Overall": {
            "Wall": 0.5006523333333334, 
            "CPU": 0.7333333333333334
        }
    }, 
    "4": {
        "Tree": {
            "Wall": 0.008454666666666666, 
            "CPU": 0.006666666666666667
        }, 
        "Decode": {
            "Wall": 0.23376833333333336, 
            "CPU": 0.7333333333333334
        }, 
        "Flush": {
            "Wall": 0.09033066666666667, 
            "CPU": 0.0033333333333333335
        }, 
        "Overall": {
            "Wall": 0.33275000000000005, 
            "CPU": 0.7433333333333333
        }
    }, 
    "6": {
        "Tree": {
            "Wall": 0.008377333333333332, 
            "CPU": 0.01
        }, 
        "Decode": {
            "Wall": 0.17430933333333334, 
            "CPU": 0.75
        }, 
        "Flush": {
            "Wall": 0.0881, 
            "CPU": 0.006666666666666667
        }, 
        "Overall": {
            "Wall": 0.2709896666666667, 
            "CPU": 0.7666666666666666
        }
    }, 
    "32": {
        "Tree": {
            "Wall": 0.30296833333333334, 
            "CPU": 0.0
        }, 
        "Decode": {
            "Wall": 0.132215, 
            "CPU": 0.84
        }, 
        "Flush": {
            "Wall": 0.16864233333333334, 
            "CPU": 0.006666666666666667
        }, 
        "Overall": {
            "Wall": 0.6041903333333333, 
            "CPU": 0.8466666666666667
        }
    }, 
    "8": {
        "Tree": {
            "Wall": 0.010204666666666666, 
            "CPU": 0.0033333333333333335
        }, 
        "Decode": {
            "Wall": 0.16904833333333336, 
            "CPU": 0.7466666666666667
        }, 
        "Flush": {
            "Wall": 0.08917533333333333, 
            "CPU": 0.006666666666666667
        }, 
        "Overall": {
            "Wall": 0.2686503333333333, 
            "CPU": 0.7566666666666667
        }
    }, 
    "10": {
        "Tree": {
            "Wall": 0.008882666666666667, 
            "CPU": 0.006666666666666667
        }, 
        "Decode": {
            "Wall": 0.15914966666666666, 
            "CPU": 0.7399999999999999
        }, 
        "Flush": {
            "Wall": 0.08956666666666667, 
            "CPU": 0.0033333333333333335
        }, 
        "Overall": {
            "Wall": 0.2579903333333333, 
            "CPU": 0.75
        }
    }, 
    "12": {
        "Tree": {
            "Wall": 0.008410666666666667, 
            "CPU": 0.006666666666666667
        }, 
        "Decode": {
            "Wall": 0.13633499999999998, 
            "CPU": 0.7433333333333333
        }, 
        "Flush": {
            "Wall": 0.09146866666666668, 
            "CPU": 0.006666666666666667
        }, 
        "Overall": {
            "Wall": 0.23643533333333333, 
            "CPU": 0.7566666666666667
        }
    }, 
    "16": {
        "Tree": {
            "Wall": 0.00791, 
            "CPU": 0.0
        }, 
        "Decode": {
            "Wall": 0.118712, 
            "CPU": 0.75
        }, 
        "Flush": {
            "Wall": 0.08997166666666667, 
            "CPU": 0.0033333333333333335
        }, 
        "Overall": {
            "Wall": 0.21689433333333333, 
            "CPU": 0.7533333333333333
        }
    }, 
    "20": {
        "Tree": {
            "Wall": 0.008137666666666666, 
            "CPU": 0.0033333333333333335
        }, 
        "Decode": {
            "Wall": 0.09490366666666666, 
            "CPU": 0.7433333333333333
        }, 
        "Flush": {
            "Wall": 0.08662533333333333, 
            "CPU": 0.0
        }, 
        "Overall": {
            "Wall": 0.18989966666666666, 
            "CPU": 0.7466666666666667
        }
    }, 
    "1": {
        "Tree": {
            "Wall": 0.055178333333333336, 
            "CPU": 0.0033333333333333335
        }, 
        "Decode": {
            "Wall": 0.7148530000000001, 
            "CPU": 0.7033333333333333
        }, 
        "Flush": {
            "Wall": 0.090121, 
            "CPU": 0.0033333333333333335
        }, 
        "Overall": {
            "Wall": 0.8606656666666667, 
            "CPU": 0.71
        }
    }, 
    "24": {
        "Tree": {
            "Wall": 0.008493666666666667, 
            "CPU": 0.006666666666666667
        }, 
        "Decode": {
            "Wall": 0.08494166666666668, 
            "CPU": 0.7333333333333334
        }, 
        "Flush": {
            "Wall": 0.08939400000000002, 
            "CPU": 0.006666666666666667
        }, 
        "Overall": {
            "Wall": 0.1830413333333333, 
            "CPU": 0.7466666666666667
        }
    }
}