{
    "64": {
        "Tree": {
            "Wall": 0.011734000000000001, 
            "CPU": 0.0
        }, 
        "Decode": {
            "Wall": 0.006979333333333333, 
            "CPU": 0.12333333333333334
        }, 
        "Flush": {
            "Wall": 0.016797000000000003, 
            "CPU": 0.0
        }, 
        "Overall": {
            "Wall": 0.035729666666666667, 
            "CPU": 0.12333333333333334
        }
    }, 
    "48": {
        "Tree": {
            "Wall": 0.011591666666666667, 
            "CPU": 0.0
        }, 
        "Decode": {
            "Wall": 0.005659666666666667, 
            "CPU": 0.09333333333333334
        }, 
        "Flush": {
            "Wall": 0.017311000000000003, 
            "CPU": 0.0
        }, 
        "Overall": {
            "Wall": 0.03613233333333333, 
            "CPU": 0.09333333333333334
        }
    }, 
    "2": {
        "Tree": {
            "Wall": 0.053298333333333336, 
            "CPU": 0.0
        }, 
        "Decode": {
            "Wall": 0.06448766666666667, 
            "CPU": 0.07
        }, 
        "Flush": {
            "Wall": 0.093456, 
            "CPU": 0.0
        }, 
        "Overall": {
            "Wall": 0.21161233333333337, 
            "CPU": 0.07
        }
    }, 
    "4": {
        "Tree": {
            "Wall": 0.021288333333333336, 
            "CPU": 0.0
        }, 
        "Decode": {
            "Wall": 0.056344666666666675, 
            "CPU": 0.07666666666666667
        }, 
        "Flush": {
            "Wall": 0.037646, 
            "CPU": 0.0
        }, 
        "Overall": {
            "Wall": 0.11623433333333333, 
            "CPU": 0.07666666666666667
        }
    }, 
    "6": {
        "Tree": {
            "Wall": 0.014202333333333332, 
            "CPU": 0.0
        }, 
        "Decode": {
            "Wall": 0.055515, 
            "CPU": 0.07666666666666667
        }, 
        "Flush": {
            "Wall": 0.030714666666666668, 
            "CPU": 0.0
        }, 
        "Overall": {
            "Wall": 0.10061766666666666, 
            "CPU": 0.07666666666666667
        }
    }, 
    "32": {
        "Tree": {
            "Wall": 0.014490333333333334, 
            "CPU": 0.0033333333333333335
        }, 
        "Decode": {
            "Wall": 0.060726, 
            "CPU": 0.10666666666666667
        }, 
        "Flush": {
            "Wall": 0.01825133333333333, 
            "CPU": 0.0
        }, 
        "Overall": {
            "Wall": 0.094963, 
            "CPU": 0.11
        }
    }, 
    "8": {
        "Tree": {
            "Wall": 0.009275, 
            "CPU": 0.0
        }, 
        "Decode": {
            "Wall": 0.04068733333333333, 
            "CPU": 0.07333333333333335
        }, 
        "Flush": {
            "Wall": 0.019713666666666668, 
            "CPU": 0.0
        }, 
        "Overall": {
            "Wall": 0.06994, 
            "CPU": 0.07333333333333335
        }
    }, 
    "10": {
        "Tree": {
            "Wall": 0.007771, 
            "CPU": 0.0033333333333333335
        }, 
        "Decode": {
            "Wall": 0.04082, 
            "CPU": 0.06666666666666667
        }, 
        "Flush": {
            "Wall": 0.018883666666666667, 
            "CPU": 0.0
        }, 
        "Overall": {
            "Wall": 0.06767633333333334, 
            "CPU": 0.07
        }
    }, 
    "12": {
        "Tree": {
            "Wall": 0.00822, 
            "CPU": 0.0033333333333333335
        }, 
        "Decode": {
            "Wall": 0.03790366666666666, 
            "CPU": 0.07666666666666667
        }, 
        "Flush": {
            "Wall": 0.019162666666666665, 
            "CPU": 0.0
        }, 
        "Overall": {
            "Wall": 0.065555, 
            "CPU": 0.08
        }
    }, 
    "16": {
        "Tree": {
            "Wall": 0.008282333333333334, 
            "CPU": 0.0033333333333333335
        }, 
        "Decode": {
            "Wall": 0.041289, 
            "CPU": 0.07333333333333335
        }, 
        "Flush": {
            "Wall": 0.01971466666666667, 
            "CPU": 0.0
        }, 
        "Overall": {
            "Wall": 0.06947366666666667, 
            "CPU": 0.07666666666666667
        }
    }, 
    "20": {
        "Tree": {
            "Wall": 0.013041666666666667, 
            "CPU": 0.0
        }, 
        "Decode": {
            "Wall": 0.03825, 
            "CPU": 0.07333333333333335
        }, 
        "Flush": {
            "Wall": 0.023153999999999997, 
            "CPU": 0.0
        }, 
        "Overall": {
            "Wall": 0.07478566666666665, 
            "CPU": 0.07333333333333335
        }
    }, 
    "1": {
        "Tree": {
            "Wall": 0.07672333333333332, 
            "CPU": 0.0
        }, 
        "Decode": {
            "Wall": 0.116151, 
            "CPU": 0.06333333333333334
        }, 
        "Flush": {
            "Wall": 0.07850700000000001, 
            "CPU": 0.0033333333333333335
        }, 
        "Overall": {
            "Wall": 0.271894, 
            "CPU": 0.06666666666666667
        }
    }, 
    "24": {
        "Tree": {
            "Wall": 0.022048333333333333, 
            "CPU": 0.0
        }, 
        "Decode": {
            "Wall": 0.035091000000000004, 
            "CPU": 0.07666666666666667
        }, 
        "Flush": {
            "Wall": 0.035486333333333335, 
            "CPU": 0.0
        }, 
        "Overall": {
            "Wall": 0.09283766666666667, 
            "CPU": 0.07666666666666667
        }
    }
}