{
    "1": {
        "Frequencies": {
            "Wall": 22.242812999999998, 
            "CPU": 17.163333333333338
        }, 
        "Tree": {
            "Wall": 0.3157246666666667, 
            "CPU": 0.22999999999999998
        }, 
        "Encode": {
            "Wall": 343.87564066666664, 
            "CPU": 342.95
        }, 
        "Flush": {
            "Wall": 0.7723966666666667, 
            "CPU": 0.03666666666666667
        }, 
        "Overall": {
            "Wall": 367.22818866666665, 
            "CPU": 360.40333333333336
        }
    }, 
    "2": {
        "Frequencies": {
            "Wall": 18.386195666666666, 
            "CPU": 25.786666666666665
        }, 
        "Tree": {
            "Wall": 0.33435366666666666, 
            "CPU": 0.26
        }, 
        "Encode": {
            "Wall": 351.0666183333333, 
            "CPU": 359.89000000000004
        }, 
        "Flush": {
            "Wall": 1.0405900000000001, 
            "CPU": 0.049999999999999996
        }, 
        "Overall": {
            "Wall": 370.8501733333333, 
            "CPU": 386.00666666666666
        }
    }, 
    "4": {
        "Frequencies": {
            "Wall": 6.346479333333334, 
            "CPU": 24.66
        }, 
        "Tree": {
            "Wall": 0.4544863333333333, 
            "CPU": 0.38999999999999996
        }, 
        "Encode": {
            "Wall": 99.90910033333334, 
            "CPU": 371.75666666666666
        }, 
        "Flush": {
            "Wall": 3.566317, 
            "CPU": 0.15333333333333332
        }, 
        "Overall": {
            "Wall": 110.29863366666666, 
            "CPU": 396.9866666666667
        }
    }, 
    "6": {
        "Frequencies": {
            "Wall": 4.976615, 
            "CPU": 28.72333333333333
        }, 
        "Tree": {
            "Wall": 0.47523600000000005, 
            "CPU": 0.38999999999999996
        }, 
        "Encode": {
            "Wall": 73.82470933333333, 
            "CPU": 374.63333333333327
        }, 
        "Flush": {
            "Wall": 4.828385666666667, 
            "CPU": 0.21666666666666667
        }, 
        "Overall": {
            "Wall": 84.12756633333333, 
            "CPU": 403.98
        }
    }, 
    "8": {
        "Frequencies": {
            "Wall": 4.668495333333333, 
            "CPU": 33.836666666666666
        }, 
        "Tree": {
            "Wall": 0.489775, 
            "CPU": 0.41333333333333333
        }, 
        "Encode": {
            "Wall": 62.694359999999996, 
            "CPU": 375.90333333333336
        }, 
        "Flush": {
            "Wall": 7.443852, 
            "CPU": 0.31666666666666665
        }, 
        "Overall": {
            "Wall": 75.31922433333334, 
            "CPU": 410.49666666666667
        }
    }, 
    "10": {
        "Frequencies": {
            "Wall": 4.746606333333333, 
            "CPU": 40.01
        }, 
        "Tree": {
            "Wall": 0.48781266666666667, 
            "CPU": 0.4166666666666667
        }, 
        "Encode": {
            "Wall": 54.04951, 
            "CPU": 374.4766666666667
        }, 
        "Flush": {
            "Wall": 7.102506666666667, 
            "CPU": 0.2733333333333334
        }, 
        "Overall": {
            "Wall": 66.40841666666667, 
            "CPU": 415.20666666666665
        }
    }, 
    "12": {
        "Frequencies": {
            "Wall": 4.040508666666667, 
            "CPU": 42.56333333333333
        }, 
        "Tree": {
            "Wall": 0.46155566666666664, 
            "CPU": 0.4033333333333333
        }, 
        "Encode": {
            "Wall": 47.84877399999999, 
            "CPU": 373.5566666666667
        }, 
        "Flush": {
            "Wall": 7.294462666666668, 
            "CPU": 0.33
        }, 
        "Overall": {
            "Wall": 59.666251666666675, 
            "CPU": 416.8733333333333
        }
    }, 
    "16": {
        "Frequencies": {
            "Wall": 5.5946256666666665, 
            "CPU": 64.00666666666667
        }, 
        "Tree": {
            "Wall": 0.49449933333333335, 
            "CPU": 0.45
        }, 
        "Encode": {
            "Wall": 42.794068, 
            "CPU": 371.53999999999996
        }, 
        "Flush": {
            "Wall": 10.572673, 
            "CPU": 0.45
        }, 
        "Overall": {
            "Wall": 59.478812, 
            "CPU": 436.46999999999997
        }
    }, 
    "20": {
        "Frequencies": {
            "Wall": 7.255383999999999, 
            "CPU": 103.42999999999999
        }, 
        "Tree": {
            "Wall": 0.49914533333333333, 
            "CPU": 0.45
        }, 
        "Encode": {
            "Wall": 33.94372633333333, 
            "CPU": 367.72
        }, 
        "Flush": {
            "Wall": 9.456163666666667, 
            "CPU": 0.3033333333333333
        }, 
        "Overall": {
            "Wall": 51.180847666666665, 
            "CPU": 471.9633333333333
        }
    }, 
    "24": {
        "Frequencies": {
            "Wall": 9.251473666666666, 
            "CPU": 144.4466666666667
        }, 
        "Tree": {
            "Wall": 0.5190400000000001, 
            "CPU": 0.52
        }, 
        "Encode": {
            "Wall": 29.951647333333337, 
            "CPU": 373.56
        }, 
        "Flush": {
            "Wall": 9.160597333333333, 
            "CPU": 0.3833333333333333
        }, 
        "Overall": {
            "Wall": 48.90433266666667, 
            "CPU": 518.9366666666666
        }
    }
}