{
    "64": {
        "Frequencies": {
            "Wall": 6.899280666666667, 
            "CPU": 436.87999999999994
        }, 
        "Tree": {
            "Wall": 0.6676693333333334, 
            "CPU": 1.28
        }, 
        "Encode": {
            "Wall": 23.934574333333334, 
            "CPU": 712.1366666666667
        }, 
        "Flush": {
            "Wall": 33.06401333333333, 
            "CPU": 0.6133333333333334
        }, 
        "Overall": {
            "Wall": 64.597629, 
            "CPU": 1150.95
        }
    }, 
    "32": {
        "Frequencies": {
            "Wall": 6.149218666666666, 
            "CPU": 195.25666666666666
        }, 
        "Tree": {
            "Wall": 0.26162366666666664, 
            "CPU": 0.45999999999999996
        }, 
        "Encode": {
            "Wall": 32.4932, 
            "CPU": 661.0433333333334
        }, 
        "Flush": {
            "Wall": 24.94280333333333, 
            "CPU": 0.8433333333333334
        }, 
        "Overall": {
            "Wall": 63.88564933333333, 
            "CPU": 857.6566666666666
        }
    }, 
    "2": {
        "Frequencies": {
            "Wall": 17.637202, 
            "CPU": 35.166666666666664
        }, 
        "Tree": {
            "Wall": 0.832148, 
            "CPU": 0.7200000000000001
        }, 
        "Encode": {
            "Wall": 623.7098696666667, 
            "CPU": 639.4633333333333
        }, 
        "Flush": {
            "Wall": 0.7022023333333333, 
            "CPU": 0.03666666666666667
        }, 
        "Overall": {
            "Wall": 642.9219993333332, 
            "CPU": 675.43
        }
    }, 
    "4": {
        "Frequencies": {
            "Wall": 10.735242, 
            "CPU": 42.78666666666667
        }, 
        "Tree": {
            "Wall": 0.8100636666666666, 
            "CPU": 0.6933333333333334
        }, 
        "Encode": {
            "Wall": 172.82862466666666, 
            "CPU": 653.7233333333334
        }, 
        "Flush": {
            "Wall": 3.2067553333333336, 
            "CPU": 0.15333333333333335
        }, 
        "Overall": {
            "Wall": 187.62019133333334, 
            "CPU": 697.3933333333333
        }
    }, 
    "6": {
        "Frequencies": {
            "Wall": 8.35742, 
            "CPU": 49.89666666666667
        }, 
        "Tree": {
            "Wall": 0.8463646666666667, 
            "CPU": 0.7033333333333333
        }, 
        "Encode": {
            "Wall": 120.55189366666666, 
            "CPU": 656.5833333333334
        }, 
        "Flush": {
            "Wall": 6.197473666666667, 
            "CPU": 0.19333333333333333
        }, 
        "Overall": {
            "Wall": 135.99067266666665, 
            "CPU": 707.4133333333333
        }
    }, 
    "1": {
        "Frequencies": {
            "Wall": 45.887945333333334, 
            "CPU": 31.49
        }, 
        "Tree": {
            "Wall": 0.581477, 
            "CPU": 0.47
        }, 
        "Encode": {
            "Wall": 629.4486256666668, 
            "CPU": 627.87
        }, 
        "Flush": {
            "Wall": 0.5708043333333334, 
            "CPU": 0.02666666666666667
        }, 
        "Overall": {
            "Wall": 676.5288996666667, 
            "CPU": 659.8966666666666
        }
    }, 
    "8": {
        "Frequencies": {
            "Wall": 7.203702333333333, 
            "CPU": 57.42333333333334
        }, 
        "Tree": {
            "Wall": 0.8437216666666666, 
            "CPU": 0.7066666666666667
        }, 
        "Encode": {
            "Wall": 94.62290399999999, 
            "CPU": 663.24
        }, 
        "Flush": {
            "Wall": 21.113632, 
            "CPU": 0.25333333333333335
        }, 
        "Overall": {
            "Wall": 123.82173333333333, 
            "CPU": 721.6566666666666
        }
    }, 
    "10": {
        "Frequencies": {
            "Wall": 6.411105, 
            "CPU": 63.870000000000005
        }, 
        "Tree": {
            "Wall": 0.87711, 
            "CPU": 0.7533333333333333
        }, 
        "Encode": {
            "Wall": 78.72810033333333, 
            "CPU": 669.29
        }, 
        "Flush": {
            "Wall": 23.715920999999998, 
            "CPU": 0.27999999999999997
        }, 
        "Overall": {
            "Wall": 109.76956266666666, 
            "CPU": 734.2333333333332
        }
    }, 
    "12": {
        "Frequencies": {
            "Wall": 6.132562, 
            "CPU": 73.31333333333333
        }, 
        "Tree": {
            "Wall": 0.873818, 
            "CPU": 0.7566666666666667
        }, 
        "Encode": {
            "Wall": 68.02501266666667, 
            "CPU": 673.7166666666667
        }, 
        "Flush": {
            "Wall": 21.574378, 
            "CPU": 0.3566666666666667
        }, 
        "Overall": {
            "Wall": 96.64264633333333, 
            "CPU": 748.1833333333334
        }
    }, 
    "48": {
        "Frequencies": {
            "Wall": 6.345920666666667, 
            "CPU": 302.58
        }, 
        "Tree": {
            "Wall": 0.663748, 
            "CPU": 1.09
        }, 
        "Encode": {
            "Wall": 27.176482333333336, 
            "CPU": 707.1766666666666
        }, 
        "Flush": {
            "Wall": 27.624919000000002, 
            "CPU": 0.5599999999999999
        }, 
        "Overall": {
            "Wall": 61.84698233333334, 
            "CPU": 1011.44
        }
    }, 
    "20": {
        "Frequencies": {
            "Wall": 5.175050333333334, 
            "CPU": 102.70666666666666
        }, 
        "Tree": {
            "Wall": 0.8793190000000001, 
            "CPU": 0.7999999999999999
        }, 
        "Encode": {
            "Wall": 46.72316633333333, 
            "CPU": 709.39
        }, 
        "Flush": {
            "Wall": 38.010511666666666, 
            "CPU": 0.5766666666666667
        }, 
        "Overall": {
            "Wall": 90.82529099999999, 
            "CPU": 813.5166666666668
        }
    }, 
    "24": {
        "Frequencies": {
            "Wall": 4.848738333333334, 
            "CPU": 115.55333333333334
        }, 
        "Tree": {
            "Wall": 0.8695233333333333, 
            "CPU": 0.8133333333333334
        }, 
        "Encode": {
            "Wall": 41.47393666666667, 
            "CPU": 728.9966666666666
        }, 
        "Flush": {
            "Wall": 40.92410866666667, 
            "CPU": 1.07
        }, 
        "Overall": {
            "Wall": 88.15418800000002, 
            "CPU": 846.4699999999999
        }
    }, 
    "16": {
        "Frequencies": {
            "Wall": 5.396036, 
            "CPU": 85.85666666666668
        }, 
        "Tree": {
            "Wall": 0.8524526666666666, 
            "CPU": 0.75
        }, 
        "Encode": {
            "Wall": 55.215437333333334, 
            "CPU": 698.7233333333334
        }, 
        "Flush": {
            "Wall": 31.721718666666664, 
            "CPU": 0.5166666666666667
        }, 
        "Overall": {
            "Wall": 93.22587033333333, 
            "CPU": 785.8833333333333
        }
    }
}