{
    "1": {
        "Tree": {
            "Wall": 0.7325943333333332, 
            "CPU": 0.51
        }, 
        "Decode": {
            "Wall": 711.9846403333332, 
            "CPU": 708.3333333333334
        }, 
        "Flush": {
            "Wall": 2.1863853333333334, 
            "CPU": 0.09333333333333334
        }, 
        "Overall": {
            "Wall": 714.906746, 
            "CPU": 708.9366666666666
        }
    }, 
    "2": {
        "Tree": {
            "Wall": 1.7118196666666667, 
            "CPU": 1.5333333333333332
        }, 
        "Decode": {
            "Wall": 247.01280799999998, 
            "CPU": 486.6233333333333
        }, 
        "Flush": {
            "Wall": 2.574956, 
            "CPU": 0.12333333333333334
        }, 
        "Overall": {
            "Wall": 250.68617299999997, 
            "CPU": 487.72333333333336
        }
    }, 
    "4": {
        "Tree": {
            "Wall": 1.3464226666666665, 
            "CPU": 1.1866666666666665
        }, 
        "Decode": {
            "Wall": 127.86110233333333, 
            "CPU": 480.73
        }, 
        "Flush": {
            "Wall": 6.179417999999999, 
            "CPU": 0.2833333333333333
        }, 
        "Overall": {
            "Wall": 135.14332566666667, 
            "CPU": 482.00333333333333
        }
    }, 
    "6": {
        "Tree": {
            "Wall": 1.1451086666666666, 
            "CPU": 0.8633333333333333
        }, 
        "Decode": {
            "Wall": 121.54507666666666, 
            "CPU": 525.3833333333333
        }, 
        "Flush": {
            "Wall": 4.78529, 
            "CPU": 0.20333333333333334
        }, 
        "Overall": {
            "Wall": 127.070687, 
            "CPU": 526.0966666666667
        }
    }, 
    "8": {
        "Tree": {
            "Wall": 1.65866, 
            "CPU": 1.4766666666666666
        }, 
        "Decode": {
            "Wall": 421.91791633333327, 
            "CPU": 775.94
        }, 
        "Flush": {
            "Wall": 11.645576, 
            "CPU": 0.2833333333333334
        }, 
        "Overall": {
            "Wall": 435.2239266666666, 
            "CPU": 777.7000000000002
        }
    }, 
    "10": {
        "Tree": {
            "Wall": 1.1591416666666667, 
            "CPU": 0.9833333333333334
        }, 
        "Decode": {
            "Wall": 126.67819433333334, 
            "CPU": 768.32
        }, 
        "Flush": {
            "Wall": 17.833360333333335, 
            "CPU": 0.39333333333333337
        }, 
        "Overall": {
            "Wall": 145.67342266666665, 
            "CPU": 769.6966666666667
        }
    }, 
    "12": {
        "Tree": {
            "Wall": 1.681866333333333, 
            "CPU": 1.4933333333333334
        }, 
        "Decode": {
            "Wall": 113.482396, 
            "CPU": 763.6300000000001
        }, 
        "Flush": {
            "Wall": 18.153366000000002, 
            "CPU": 0.52
        }, 
        "Overall": {
            "Wall": 133.31875266666668, 
            "CPU": 765.6433333333333
        }
    }, 
    "16": {
        "Tree": {
            "Wall": 1.6514236666666668, 
            "CPU": 1.4733333333333334
        }, 
        "Decode": {
            "Wall": 92.081529, 
            "CPU": 759.9266666666667
        }, 
        "Flush": {
            "Wall": 29.040370333333332, 
            "CPU": 0.42
        }, 
        "Overall": {
            "Wall": 122.77445866666666, 
            "CPU": 761.82
        }
    }, 
    "20": {
        "Tree": {
            "Wall": 1.6460313333333332, 
            "CPU": 1.4733333333333334
        }, 
        "Decode": {
            "Wall": 76.308778, 
            "CPU": 760.4500000000002
        }, 
        "Flush": {
            "Wall": 39.57267133333334, 
            "CPU": 0.8833333333333334
        }, 
        "Overall": {
            "Wall": 117.52855899999999, 
            "CPU": 762.8066666666667
        }
    }, 
    "24": {
        "Tree": {
            "Wall": 1.7096483333333332, 
            "CPU": 1.4933333333333334
        }, 
        "Decode": {
            "Wall": 64.48311233333334, 
            "CPU": 754.1866666666668
        }, 
        "Flush": {
            "Wall": 49.068066666666674, 
            "CPU": 0.7633333333333333
        }, 
        "Overall": {
            "Wall": 115.26195799999999, 
            "CPU": 756.4433333333333
        }
    }
}