{
    "1": {
        "Tree": {
            "Wall": 0.8597696666666667, 
            "CPU": 0.52
        }, 
        "Decode": {
            "Wall": 359.8834326666667, 
            "CPU": 353.06666666666666
        }, 
        "Flush": {
            "Wall": 1.1254046666666666, 
            "CPU": 0.013333333333333334
        }, 
        "Overall": {
            "Wall": 361.871336, 
            "CPU": 353.6033333333333
        }
    }, 
    "2": {
        "Tree": {
            "Wall": 0.6151026666666667, 
            "CPU": 0.4566666666666667
        }, 
        "Decode": {
            "Wall": 188.88554466666665, 
            "CPU": 358.26
        }, 
        "Flush": {
            "Wall": 3.60882, 
            "CPU": 0.12666666666666668
        }, 
        "Overall": {
            "Wall": 193.112153, 
            "CPU": 358.8433333333333
        }
    }, 
    "4": {
        "Tree": {
            "Wall": 0.8210913333333334, 
            "CPU": 0.7166666666666667
        }, 
        "Decode": {
            "Wall": 97.78787533333332, 
            "CPU": 365.74666666666667
        }, 
        "Flush": {
            "Wall": 10.198871666666667, 
            "CPU": 0.18000000000000002
        }, 
        "Overall": {
            "Wall": 108.812388, 
            "CPU": 366.65000000000003
        }
    }, 
    "6": {
        "Tree": {
            "Wall": 0.8688413333333332, 
            "CPU": 0.47
        }, 
        "Decode": {
            "Wall": 82.355436, 
            "CPU": 377.3233333333333
        }, 
        "Flush": {
            "Wall": 13.560848333333333, 
            "CPU": 0.12
        }, 
        "Overall": {
            "Wall": 96.79012633333333, 
            "CPU": 377.9166666666667
        }
    }, 
    "8": {
        "Tree": {
            "Wall": 0.8859859999999999, 
            "CPU": 0.6666666666666666
        }, 
        "Decode": {
            "Wall": 56.999379, 
            "CPU": 392.03
        }, 
        "Flush": {
            "Wall": 23.178402000000002, 
            "CPU": 0.2733333333333334
        }, 
        "Overall": {
            "Wall": 81.066098, 
            "CPU": 392.96999999999997
        }
    }, 
    "10": {
        "Tree": {
            "Wall": 0.847646, 
            "CPU": 0.6666666666666666
        }, 
        "Decode": {
            "Wall": 59.935628, 
            "CPU": 384.91
        }, 
        "Flush": {
            "Wall": 24.111572, 
            "CPU": 0.20000000000000004
        }, 
        "Overall": {
            "Wall": 84.89693766666667, 
            "CPU": 385.77666666666664
        }
    }, 
    "12": {
        "Tree": {
            "Wall": 0.8202439999999999, 
            "CPU": 0.6766666666666667
        }, 
        "Decode": {
            "Wall": 50.88678733333333, 
            "CPU": 387.3633333333334
        }, 
        "Flush": {
            "Wall": 27.433002666666667, 
            "CPU": 0.5266666666666667
        }, 
        "Overall": {
            "Wall": 79.14224733333333, 
            "CPU": 388.56666666666666
        }
    }, 
    "16": {
        "Tree": {
            "Wall": 0.8992239999999999, 
            "CPU": 0.6666666666666666
        }, 
        "Decode": {
            "Wall": 39.29068266666666, 
            "CPU": 379.2366666666667
        }, 
        "Flush": {
            "Wall": 33.533405666666674, 
            "CPU": 0.4533333333333333
        }, 
        "Overall": {
            "Wall": 73.725422, 
            "CPU": 380.35999999999996
        }
    }, 
    "20": {
        "Tree": {
            "Wall": 0.8904123333333334, 
            "CPU": 0.4466666666666667
        }, 
        "Decode": {
            "Wall": 48.56170433333333, 
            "CPU": 379.02
        }, 
        "Flush": {
            "Wall": 29.919627000000002, 
            "CPU": 0.26666666666666666
        }, 
        "Overall": {
            "Wall": 79.37448733333333, 
            "CPU": 379.7333333333333
        }
    }, 
    "24": {
        "Tree": {
            "Wall": 0.717947, 
            "CPU": 0.48333333333333334
        }, 
        "Decode": {
            "Wall": 48.87650433333334, 
            "CPU": 373.60999999999996
        }, 
        "Flush": {
            "Wall": 26.378093000000003, 
            "CPU": 0.5066666666666667
        }, 
        "Overall": {
            "Wall": 75.97613899999999, 
            "CPU": 374.6033333333333
        }
    }
}