{
    "1": {
        "Frequencies": {
            "Wall": 0.009098333333333333, 
            "CPU": 0.006666666666666667
        }, 
        "Tree": {
            "Wall": 0.0054856666666666665, 
            "CPU": 0.0
        }, 
        "Encode": {
            "Wall": 0.061171333333333335, 
            "CPU": 0.06333333333333334
        }, 
        "Flush": {
            "Wall": 0.011785333333333333, 
            "CPU": 0.0
        }, 
        "Overall": {
            "Wall": 0.08798333333333332, 
            "CPU": 0.07333333333333335
        }
    }, 
    "2": {
        "Frequencies": {
            "Wall": 0.008259666666666667, 
            "CPU": 0.01
        }, 
        "Tree": {
            "Wall": 0.0031373333333333336, 
            "CPU": 0.0033333333333333335
        }, 
        "Encode": {
            "Wall": 0.062063, 
            "CPU": 0.06333333333333334
        }, 
        "Flush": {
            "Wall": 0.009836333333333334, 
            "CPU": 0.0
        }, 
        "Overall": {
            "Wall": 0.08367266666666667, 
            "CPU": 0.07666666666666667
        }
    }, 
    "4": {
        "Frequencies": {
            "Wall": 0.015768666666666663, 
            "CPU": 0.01
        }, 
        "Tree": {
            "Wall": 0.009966666666666667, 
            "CPU": 0.016666666666666666
        }, 
        "Encode": {
            "Wall": 0.036013333333333335, 
            "CPU": 0.06333333333333334
        }, 
        "Flush": {
            "Wall": 0.011095666666666669, 
            "CPU": 0.0
        }, 
        "Overall": {
            "Wall": 0.07321233333333334, 
            "CPU": 0.09000000000000001
        }
    }, 
    "6": {
        "Frequencies": {
            "Wall": 0.01709, 
            "CPU": 0.03
        }, 
        "Tree": {
            "Wall": 0.010445999999999999, 
            "CPU": 0.02
        }, 
        "Encode": {
            "Wall": 0.027761333333333332, 
            "CPU": 0.06666666666666667
        }, 
        "Flush": {
            "Wall": 0.009856666666666666, 
            "CPU": 0.0
        }, 
        "Overall": {
            "Wall": 0.065392, 
            "CPU": 0.11666666666666665
        }
    }, 
    "8": {
        "Frequencies": {
            "Wall": 0.016035333333333332, 
            "CPU": 0.023333333333333334
        }, 
        "Tree": {
            "Wall": 0.014142666666666666, 
            "CPU": 0.03
        }, 
        "Encode": {
            "Wall": 0.03032433333333333, 
            "CPU": 0.06666666666666667
        }, 
        "Flush": {
            "Wall": 0.011666666666666667, 
            "CPU": 0.0033333333333333335
        }, 
        "Overall": {
            "Wall": 0.07241133333333333, 
            "CPU": 0.12333333333333334
        }
    }, 
    "10": {
        "Frequencies": {
            "Wall": 0.028723333333333333, 
            "CPU": 0.07666666666666667
        }, 
        "Tree": {
            "Wall": 0.008933666666666668, 
            "CPU": 0.04
        }, 
        "Encode": {
            "Wall": 0.021604666666666664, 
            "CPU": 0.06
        }, 
        "Flush": {
            "Wall": 0.012890333333333332, 
            "CPU": 0.0
        }, 
        "Overall": {
            "Wall": 0.07237933333333334, 
            "CPU": 0.17666666666666667
        }
    }, 
    "12": {
        "Frequencies": {
            "Wall": 0.01591, 
            "CPU": 0.043333333333333335
        }, 
        "Tree": {
            "Wall": 0.015862333333333336, 
            "CPU": 0.04666666666666667
        }, 
        "Encode": {
            "Wall": 0.024435000000000002, 
            "CPU": 0.06666666666666667
        }, 
        "Flush": {
            "Wall": 0.010763333333333333, 
            "CPU": 0.0
        }, 
        "Overall": {
            "Wall": 0.06722733333333335, 
            "CPU": 0.15666666666666665
        }
    }, 
    "16": {
        "Frequencies": {
            "Wall": 0.021217333333333335, 
            "CPU": 0.10333333333333335
        }, 
        "Tree": {
            "Wall": 0.011742, 
            "CPU": 0.06666666666666667
        }, 
        "Encode": {
            "Wall": 0.023922333333333334, 
            "CPU": 0.06333333333333334
        }, 
        "Flush": {
            "Wall": 0.009560333333333334, 
            "CPU": 0.0
        }, 
        "Overall": {
            "Wall": 0.066681, 
            "CPU": 0.24333333333333332
        }
    }, 
    "20": {
        "Frequencies": {
            "Wall": 0.019333, 
            "CPU": 0.12000000000000001
        }, 
        "Tree": {
            "Wall": 0.012791333333333333, 
            "CPU": 0.09000000000000001
        }, 
        "Encode": {
            "Wall": 0.030147999999999998, 
            "CPU": 0.07
        }, 
        "Flush": {
            "Wall": 0.012089, 
            "CPU": 0.0033333333333333335
        }, 
        "Overall": {
            "Wall": 0.07515733333333334, 
            "CPU": 0.2833333333333333
        }
    }, 
    "24": {
        "Frequencies": {
            "Wall": 0.036756, 
            "CPU": 0.3133333333333333
        }, 
        "Tree": {
            "Wall": 0.006862333333333334, 
            "CPU": 0.08333333333333333
        }, 
        "Encode": {
            "Wall": 0.01582, 
            "CPU": 0.09999999999999999
        }, 
        "Flush": {
            "Wall": 0.011563333333333333, 
            "CPU": 0.0
        }, 
        "Overall": {
            "Wall": 0.07124166666666666, 
            "CPU": 0.5033333333333333
        }
    }
}