{
    "1": {
        "2": {
            "0": {
                "Tree": {
                    "Wall": 19.69649566666668, 
                    "CPU": 0.48333333333333367
                }, 
                "Decode": {
                    "Wall": 2.8798763333333373, 
                    "CPU": 4.643333333333267
                }, 
                "Flush": {
                    "Wall": 23.42884566666669, 
                    "CPU": 10.44666666666735
                }, 
                "Overall": {
                    "Wall": 76.67094099999998, 
                    "CPU": 16.683333333333334
                }
            }
        }, 
        "1": {
            "0": {
                "Tree": {
                    "Wall": 24.42111333333337, 
                    "CPU": 0.48333333333333367
                }, 
                "Decode": {
                    "Wall": 4.763230999999999, 
                    "CPU": 3.499999999999954
                }, 
                "Flush": {
                    "Wall": 29.110334333333288, 
                    "CPU": 0.16333333333333344
                }, 
                "Overall": {
                    "Wall": 97.30817466666667, 
                    "CPU": 5.173333333333333
                }
            }
        }, 
        "4": {
            "0": {
                "Tree": {
                    "Wall": 22.157271000000023, 
                    "CPU": 0.7333333333333324
                }, 
                "Decode": {
                    "Wall": 16.583722666666684, 
                    "CPU": 19.46666666666665
                }, 
                "Flush": {
                    "Wall": 27.695087333333344, 
                    "CPU": 30.746666666668812
                }, 
                "Overall": {
                    "Wall": 98.84458266666667, 
                    "CPU": 53.446666666666665
                }
            }
        }, 
        "8": {
            "0": {
                "Tree": {
                    "Wall": 0.0, 
                    "CPU": 0.0
                }, 
                "Decode": {
                    "Wall": 0.0, 
                    "CPU": 0.0
                }, 
                "Flush": {
                    "Wall": 0.0, 
                    "CPU": 0.0
                }, 
                "Overall": {
                    "Wall": 0.0, 
                    "CPU": 0.0
                }
            }
        }, 
        "6": {
            "0": {
                "Tree": {
                    "Wall": 0.0, 
                    "CPU": 0.0
                }, 
                "Decode": {
                    "Wall": 0.0, 
                    "CPU": 0.0
                }, 
                "Flush": {
                    "Wall": 0.0, 
                    "CPU": 0.0
                }, 
                "Overall": {
                    "Wall": 0.0, 
                    "CPU": 0.0
                }
            }
        }
    }, 
    "2": {
        "4": {
            "0": {
                "Tree": {
                    "Wall": 13.150661666666702, 
                    "CPU": 0.3466666666666669
                }, 
                "Decode": {
                    "Wall": 6.734281999999996, 
                    "CPU": 8.83333333333334
                }, 
                "Flush": {
                    "Wall": 14.629647333333326, 
                    "CPU": 16.423333333333314
                }, 
                "Overall": {
                    "Wall": 59.66357366666667, 
                    "CPU": 26.936666666666667
                }
            }, 
            "1": {
                "Tree": {
                    "Wall": 12.902160333333347, 
                    "CPU": 0.3900000000000003
                }, 
                "Decode": {
                    "Wall": 17.708880999999998, 
                    "CPU": 13.650000000000029
                }, 
                "Flush": {
                    "Wall": 15.89049266666666, 
                    "CPU": 12.869999999999939
                }, 
                "Overall": {
                    "Wall": 72.30690766666667, 
                    "CPU": 43.01666666666667
                }
            }
        }, 
        "2": {
            "0": {
                "Tree": {
                    "Wall": 15.591534333333362, 
                    "CPU": 0.2900000000000002
                }, 
                "Decode": {
                    "Wall": 2.5894089999999976, 
                    "CPU": 3.0599999999999627
                }, 
                "Flush": {
                    "Wall": 17.266384666666656, 
                    "CPU": 5.63999999999995
                }, 
                "Overall": {
                    "Wall": 62.071571, 
                    "CPU": 9.793333333333333
                }
            }, 
            "1": {
                "Tree": {
                    "Wall": 14.46361733333333, 
                    "CPU": 0.23000000000000012
                }, 
                "Decode": {
                    "Wall": 4.585315, 
                    "CPU": 3.193333333333294
                }, 
                "Flush": {
                    "Wall": 16.388687000000026, 
                    "CPU": 4.3899999999999215
                }, 
                "Overall": {
                    "Wall": 61.39274266666666, 
                    "CPU": 24.593333333333334
                }
            }
        }, 
        "1": {
            "0": {
                "Tree": {
                    "Wall": 14.408484999999986, 
                    "CPU": 0.3166666666666669
                }, 
                "Decode": {
                    "Wall": 2.0994976666666654, 
                    "CPU": 1.8966666666666476
                }, 
                "Flush": {
                    "Wall": 15.392840666666652, 
                    "CPU": 0.11333333333333338
                }, 
                "Overall": {
                    "Wall": 57.870194, 
                    "CPU": 2.97
                }
            }, 
            "1": {
                "Tree": {
                    "Wall": 13.00358, 
                    "CPU": 0.20333333333333345
                }, 
                "Decode": {
                    "Wall": 1.796877666666662, 
                    "CPU": 1.4766666666666557
                }, 
                "Flush": {
                    "Wall": 14.152291, 
                    "CPU": 0.049999999999999996
                }, 
                "Overall": {
                    "Wall": 53.93012566666666, 
                    "CPU": 16.94333333333333
                }
            }
        }
    }, 
    "4": {
        "2": {
            "0": {
                "Tree": {
                    "Wall": 13.890411666666639, 
                    "CPU": 0.12333333333333339
                }, 
                "Decode": {
                    "Wall": 1.4087936666666672, 
                    "CPU": 1.3099999999999914
                }, 
                "Flush": {
                    "Wall": 14.562642666666674, 
                    "CPU": 4.076666666666601
                }, 
                "Overall": {
                    "Wall": 51.58085, 
                    "CPU": 6.076666666666667
                }
            }, 
            "1": {
                "Tree": {
                    "Wall": 12.009626666666684, 
                    "CPU": 0.15666666666666676
                }, 
                "Decode": {
                    "Wall": 1.7978346666666665, 
                    "CPU": 1.379999999999993
                }, 
                "Flush": {
                    "Wall": 12.91114766666668, 
                    "CPU": 3.1233333333332873
                }, 
                "Overall": {
                    "Wall": 47.68715533333333, 
                    "CPU": 20.459999999999997
                }
            }, 
            "2": {
                "Tree": {
                    "Wall": 14.222626333333315, 
                    "CPU": 0.15666666666666676
                },