{
    "1": {
        "2": {
            "0": {
                "Tree": {
                    "CPU": 0.48333333333333367,
                    "Wall": 19.696495666666667
                },
                "Decode": {
                    "CPU": 4.643333333333268,
                    "Wall": 2.879876333333337
                },
                "Flush": {
                    "CPU": 10.446666666667346,
                    "Wall": 23.428845666666632
                },
                "Overall": {
                    "CPU": 16.683333333333334,
                    "Wall": 76.67094099999998
                }
            }
        },
        "1": {
            "0": {
                "Tree": {
                    "CPU": 0.48333333333333367,
                    "Wall": 24.42111333333335
                },
                "Decode": {
                    "CPU": 3.4999999999999556,
                    "Wall": 4.763231000000004
                },
                "Flush": {
                    "CPU": 0.1633333333333334,
                    "Wall": 29.110334333333345
                },
                "Overall": {
                    "CPU": 5.173333333333333,
                    "Wall": 97.30817466666667
                }
            }
        },
        "4": {
            "0": {
                "Tree": {
                    "CPU": 0.7333333333333324,
                    "Wall": 22.157271000000005
                },
                "Decode": {
                    "CPU": 19.46666666666665,
                    "Wall": 16.583722666666684
                },
                "Flush": {
                    "CPU": 30.74666666666853,
                    "Wall": 27.695087333333333
                },
                "Overall": {
                    "CPU": 53.446666666666665,
                    "Wall": 98.84458266666667
                }
            }
        }
    },
    "4": {
        "4": {
            "0": {
                "Tree": {
                    "CPU": 0.21666666666666679,
                    "Wall": 12.232064999999992
                },
                "Decode": {
                    "CPU": 4.919999999999973,
                    "Wall": 4.3764570000000065
                },
                "Flush": {
                    "CPU": 5.123333333333246,
                    "Wall": 13.259336999999995
                },
                "Overall": {
                    "CPU": 11.15,
                    "Wall": 55.643645666666664
                }
            },
            "1": {
                "Tree": {
                    "CPU": 0.15666666666666676,
                    "Wall": 10.343598666666672
                },
                "Decode": {
                    "CPU": 4.966666666666649,
                    "Wall": 5.099842000000003
                },
                "Flush": {
                    "CPU": 4.269999999999931,
                    "Wall": 11.853145666666665
                },
                "Overall": {
                    "CPU": 29.366666666666664,
                    "Wall": 52.43662066666667
                }
            },
            "2": {
                "Tree": {
                    "CPU": 0.21666666666666679,
                    "Wall": 12.425014333333328
                },
                "Decode": {
                    "CPU": 5.696666666666643,
                    "Wall": 6.4212830000000025
                },
                "Flush": {
                    "CPU": 5.336666666666576,
                    "Wall": 13.933215333333335
                },
                "Overall": {
                    "CPU": 31.3,
                    "Wall": 58.76468833333333
                }
            },
            "3": {
                "Tree": {
                    "CPU": 0.25000000000000017,
                    "Wall": 13.133211666666696
                },
                "Decode": {
                    "CPU": 7.896666666666651,
                    "Wall": 10.373842666666675
                },
                "Flush": {
                    "CPU": 5.473333333333252,
                    "Wall": 14.760759333333356
                },
                "Overall": {
                    "CPU": 33.50333333333333,
                    "Wall": 65.100871
                }
            }
        },
        "1": {
            "0": {
                "Tree": {
                    "CPU": 0.1333333333333334,
                    "Wall": 13.583330000000005
                },
                "Decode": {
                    "CPU": 0.7733333333333321,
                    "Wall": 1.0329376666666634
                },
                "Flush": {
                    "CPU": 0.05333333333333334,
                    "Wall": 14.24424333333333
                },
                "Overall": {
                    "CPU": 1.3366666666666667,
                    "Wall": 51.096196
                }
            },
            "1": {
                "Tree": {
                    "CPU": 0.08666666666666668,
                    "Wall": 11.863579666666665
                },
                "Decode": {
                    "CPU": 0.7566666666666655,
                    "Wall": 0.9482516666666637
                },
                "Flush": {
                    "CPU": 0.04333333333333333,
                    "Wall": 12.279618999999991
                },
                "Overall": {
                    "CPU": 16.616666666666667,
                    "Wall": 46.444266666666664
                }
            },
            "2": {
                "Tree": {
                    "CPU": 0.13666666666666674,
                    "Wall": 13.958397666666682
                },
                "Decode": {
                    "CPU": 0.7066666666666664,
                    "Wall": 0.9499986666666648
                },
                "Flush": {
                    "CPU": 0.060000000000000005,
                    "Wall": 14.340089000000011
                },
                "Overall": {
                    "CPU": 16.776666666666667,
                    "Wall": 51.57509166666667
                }
            },
            "3": {
                "Tree": {
                    "CPU": 0.11333333333333338,
                    "Wall": 14.534451333333351
                },
                "Decode": {
                    "CPU": 0.7333333333333328,
                    "Wall": 0.8751790000000009
                },
                "Flush": {
                    "CPU": 0.023333333333333334,
                    "Wall": 14.916707000000002
                },
                "Overall": {
                    "CPU": 16.986666666666668,
                    "Wall": 52.75362166666667
                }
            }
        },
        "2": {
            "0": {
                "Tree": {
                    "CPU": 0.12333333333333339,
                    "Wall": 13.890411666666663
                },
                "Decode": {
                    "CPU": 1.3099999999999912,
                    "Wall": 1.4087936666666672
                },
                "Flush": {
                    "CPU": 4.076666666666597,
                    "Wall": 14.562642666666678
                },
                "Overall": {
                    "CPU": 6.076666666666667,
                    "Wall": 51.58085
                }
            },
            "1": {
                "Tree": {
                    "CPU": 0.15666666666666676,
                    "Wall": 12.009626666666692
                },
                "Decode": {
                    "CPU": 1.379999999999993,
                    "Wall": 1.797834666666666
                },
                "Flush": {
                    "CPU": 3.123333333333287,
                    "Wall": 12.91114766666668
                },
                "Overall": {
                    "CPU": 20.459999999999997,
                    "Wall": 47.68715533333333
                }
            },
            "2": {
                "Tree": {
                    "CPU": 0.15666666666666676,
                    "Wall": 14.222626333333311
                },