{
    "1": {
        "1": {
            "0": {
                "Frequencies": {
                    "CPU": 0.09503599999999825,
                    "Wall": 0.11612199999999927
                },
                "Tree": {
                    "CPU": 0.18866033333333265,
                    "Wall": 0.1895969999999991
                },
                "Encode": {
                    "CPU": 1.447116333333338,
                    "Wall": 1.4601680000000015
                },
                "Flush": {
                    "CPU": 0.05673166666666516,
                    "Wall": 0.0584716666666651
                },
                "Overall": {
                    "CPU": 2.0070413333333335,
                    "Wall": 2.0730703333333333
                }
            }
        }
    },
    "2": {
        "1": {
            "0": {
                "Frequencies": {
                    "CPU": 0.04609366666666646,
                    "Wall": 0.046409999999999736
                },
                "Tree": {
                    "CPU": 0.0951223333333336,
                    "Wall": 0.09630766666666703
                },
                "Encode": {
                    "CPU": 0.7327283333333332,
                    "Wall": 0.7389300000000002
                },
                "Flush": {
                    "CPU": 0.03217633333333352,
                    "Wall": 0.03285466666666685
                },
                "Overall": {
                    "CPU": 1.0480583333333333,
                    "Wall": 1.0616109999999999
                }
            },
            "1": {
                "Frequencies": {
                    "CPU": 0.04746666666666619,
                    "Wall": 0.04781466666666622
                },
                "Tree": {
                    "CPU": 0.10064800000000006,
                    "Wall": 0.10176200000000031
                },
                "Encode": {
                    "CPU": 0.7418073333333348,
                    "Wall": 0.7481500000000022
                },
                "Flush": {
                    "CPU": 0.03399100000000012,
                    "Wall": 0.03488100000000014
                },
                "Overall": {
                    "CPU": 1.0763356666666668,
                    "Wall": 1.0856753333333333
                }
            }
        }
    },
    "4": {
        "1": {
            "0": {
                "Frequencies": {
                    "CPU": 0.026611333333333376,
                    "Wall": 0.027173666666666724
                },
                "Tree": {
                    "CPU": 0.058766000000000096,
                    "Wall": 0.06183433333333362
                },
                "Encode": {
                    "CPU": 0.3871716666666671,
                    "Wall": 0.39512133333333366
                },
                "Flush": {
                    "CPU": 0.021860666666666737,
                    "Wall": 0.022858666666666735
                },
                "Overall": {
                    "CPU": 0.6044726666666667,
                    "Wall": 0.62105
                }
            },
            "1": {
                "Frequencies": {
                    "CPU": 0.026004666666666756,
                    "Wall": 0.026565666666666734
                },
                "Tree": {
                    "CPU": 0.056974666666666667,
                    "Wall": 0.05808799999999997
                },
                "Encode": {
                    "CPU": 0.3779789999999998,
                    "Wall": 0.3840823333333338
                },
                "Flush": {
                    "CPU": 0.021088333333333407,
                    "Wall": 0.022084666666666725
                },
                "Overall": {
                    "CPU": 0.5906399999999999,
                    "Wall": 0.6020206666666666
                }
            },
            "2": {
                "Frequencies": {
                    "CPU": 0.024817666666666724,
                    "Wall": 0.02516166666666673
                },
                "Tree": {
                    "CPU": 0.052228666666666784,
                    "Wall": 0.05456466666666684
                },
                "Encode": {
                    "CPU": 0.3834549999999994,
                    "Wall": 0.39226566666666624
                },
                "Flush": {
                    "CPU": 0.019323000000000062,
                    "Wall": 0.019775666666666726
                },
                "Overall": {
                    "CPU": 0.582463,
                    "Wall": 0.5963596666666667
                }
            },
            "3": {
                "Frequencies": {
                    "CPU": 0.02339866666666671,
                    "Wall": 0.023892333333333387
                },
                "Tree": {
                    "CPU": 0.045120333333333366,
                    "Wall": 0.04587466666666673
                },
                "Encode": {
                    "CPU": 0.376808,
                    "Wall": 0.38306966666666614
                },
                "Flush": {
                    "CPU": 0.01684566666666672,
                    "Wall": 0.017179666666666715
                },
                "Overall": {
                    "CPU": 0.5594583333333333,
                    "Wall": 0.568737
                }
            }
        }
    }
}