{
    "64": {
        "Tree": {
            "Wall": 0.03056333333333333, 
            "CPU": 0.0
        }, 
        "Decode": {
            "Wall": 0.029200666666666666, 
            "CPU": 1.8133333333333335
        }, 
        "Flush": {
            "Wall": 0.10093833333333334, 
            "CPU": 0.9133333333333334
        }, 
        "Overall": {
            "Wall": 0.161062, 
            "CPU": 2.7300000000000004
        }
    }, 
    "48": {
        "Tree": {
            "Wall": 0.009272666666666667, 
            "CPU": 0.0
        }, 
        "Decode": {
            "Wall": 0.031924666666666664, 
            "CPU": 1.4933333333333334
        }, 
        "Flush": {
            "Wall": 0.08778666666666668, 
            "CPU": 0.6766666666666667
        }, 
        "Overall": {
            "Wall": 0.12930866666666666, 
            "CPU": 2.1733333333333333
        }
    }, 
    "2": {
        "Tree": {
            "Wall": 0.008838, 
            "CPU": 0.0033333333333333335
        }, 
        "Decode": {
            "Wall": 0.41356, 
            "CPU": 0.7233333333333333
        }, 
        "Flush": {
            "Wall": 0.094649, 
            "CPU": 0.006666666666666667
        }, 
        "Overall": {
            "Wall": 0.5172993333333333, 
            "CPU": 0.7333333333333334
        }
    }, 
    "4": {
        "Tree": {
            "Wall": 0.011395666666666667, 
            "CPU": 0.0
        }, 
        "Decode": {
            "Wall": 0.26667799999999997, 
            "CPU": 0.75
        }, 
        "Flush": {
            "Wall": 0.10569200000000001, 
            "CPU": 0.0033333333333333335
        }, 
        "Overall": {
            "Wall": 0.38391333333333333, 
            "CPU": 0.7533333333333333
        }
    }, 
    "6": {
        "Tree": {
            "Wall": 0.008887333333333334, 
            "CPU": 0.0033333333333333335
        }, 
        "Decode": {
            "Wall": 0.19124166666666667, 
            "CPU": 0.7533333333333333
        }, 
        "Flush": {
            "Wall": 0.095244, 
            "CPU": 0.0033333333333333335
        }, 
        "Overall": {
            "Wall": 0.29552633333333334, 
            "CPU": 0.7600000000000001
        }
    }, 
    "32": {
        "Tree": {
            "Wall": 0.02203833333333333, 
            "CPU": 0.0
        }, 
        "Decode": {
            "Wall": 0.05916733333333333, 
            "CPU": 1.68
        }, 
        "Flush": {
            "Wall": 0.089601, 
            "CPU": 0.45333333333333337
        }, 
        "Overall": {
            "Wall": 0.17117466666666667, 
            "CPU": 2.1333333333333333
        }
    }, 
    "8": {
        "Tree": {
            "Wall": 0.009992000000000001, 
            "CPU": 0.0033333333333333335
        }, 
        "Decode": {
            "Wall": 0.19051266666666666, 
            "CPU": 0.7633333333333333
        }, 
        "Flush": {
            "Wall": 0.092484, 
            "CPU": 0.0
        }, 
        "Overall": {
            "Wall": 0.293144, 
            "CPU": 0.7666666666666666
        }
    }, 
    "10": {
        "Tree": {
            "Wall": 0.010215, 
            "CPU": 0.0033333333333333335
        }, 
        "Decode": {
            "Wall": 0.264762, 
            "CPU": 0.7733333333333334
        }, 
        "Flush": {
            "Wall": 0.15777266666666667, 
            "CPU": 0.0033333333333333335
        }, 
        "Overall": {
            "Wall": 0.4331053333333334, 
            "CPU": 0.7833333333333333
        }
    }, 
    "12": {
        "Tree": {
            "Wall": 0.008109666666666666, 
            "CPU": 0.0033333333333333335
        }, 
        "Decode": {
            "Wall": 0.267191, 
            "CPU": 0.7799999999999999
        }, 
        "Flush": {
            "Wall": 0.09613433333333332, 
            "CPU": 0.0033333333333333335
        }, 
        "Overall": {
            "Wall": 0.3715873333333333, 
            "CPU": 0.7866666666666667
        }
    }, 
    "16": {
        "Tree": {
            "Wall": 0.009714333333333334, 
            "CPU": 0.0
        }, 
        "Decode": {
            "Wall": 0.24585766666666667, 
            "CPU": 0.7799999999999999
        }, 
        "Flush": {
            "Wall": 0.099966, 
            "CPU": 0.01
        }, 
        "Overall": {
            "Wall": 0.355702, 
            "CPU": 0.79
        }
    }, 
    "20": {
        "Tree": {
            "Wall": 0.009231666666666666, 
            "CPU": 0.0033333333333333335
        }, 
        "Decode": {
            "Wall": 0.28213366666666667, 
            "CPU": 0.7799999999999999
        }, 
        "Flush": {
            "Wall": 0.076777, 
            "CPU": 0.0033333333333333335
        }, 
        "Overall": {
            "Wall": 0.368304, 
            "CPU": 0.7866666666666667
        }
    }, 
    "1": {
        "Tree": {
            "Wall": 0.02795433333333333, 
            "CPU": 0.0033333333333333335
        }, 
        "Decode": {
            "Wall": 0.7515879999999999, 
            "CPU": 0.7266666666666666
        }, 
        "Flush": {
            "Wall": 0.09123366666666667, 
            "CPU": 0.0
        }, 
        "Overall": {
            "Wall": 0.871193, 
            "CPU": 0.73
        }
    }, 
    "24": {
        "Tree": {
            "Wall": 0.009707666666666667, 
            "CPU": 0.0
        }, 
        "Decode": {
            "Wall": 0.249009, 
            "CPU": 0.79
        }, 
        "Flush": {
            "Wall": 0.09571466666666667, 
            "CPU": 0.0
        }, 
        "Overall": {
            "Wall": 0.354605, 
            "CPU": 0.79
        }
    }
}