{
    "64": {
        "Tree": {
            "Wall": 0.05258733333333334, 
            "CPU": 0.016666666666666666
        }, 
        "Decode": {
            "Wall": 0.5112613333333332, 
            "CPU": 32.59
        }, 
        "Flush": {
            "Wall": 1.157867, 
            "CPU": 0.9266666666666667
        }, 
        "Overall": {
            "Wall": 1.7220439999999997, 
            "CPU": 33.553333333333335
        }
    }, 
    "48": {
        "Tree": {
            "Wall": 0.08717766666666667, 
            "CPU": 0.013333333333333334
        }, 
        "Decode": {
            "Wall": 0.2990413333333333, 
            "CPU": 14.290000000000001
        }, 
        "Flush": {
            "Wall": 1.4714983333333331, 
            "CPU": 0.6999999999999998
        }, 
        "Overall": {
            "Wall": 1.8580813333333335, 
            "CPU": 15.013333333333334
        }
    }, 
    "2": {
        "Tree": {
            "Wall": 0.026624333333333333, 
            "CPU": 0.01
        }, 
        "Decode": {
            "Wall": 3.613413, 
            "CPU": 7.026666666666666
        }, 
        "Flush": {
            "Wall": 0.8669350000000001, 
            "CPU": 0.036666666666666674
        }, 
        "Overall": {
            "Wall": 4.507268666666667, 
            "CPU": 7.073333333333333
        }
    }, 
    "4": {
        "Tree": {
            "Wall": 0.024438, 
            "CPU": 0.01
        }, 
        "Decode": {
            "Wall": 2.012102, 
            "CPU": 7.533333333333334
        }, 
        "Flush": {
            "Wall": 0.8783176666666667, 
            "CPU": 0.03333333333333333
        }, 
        "Overall": {
            "Wall": 2.915138666666667, 
            "CPU": 7.580000000000001
        }
    }, 
    "6": {
        "Tree": {
            "Wall": 0.02472066666666667, 
            "CPU": 0.01
        }, 
        "Decode": {
            "Wall": 1.3883526666666668, 
            "CPU": 7.533333333333334
        }, 
        "Flush": {
            "Wall": 0.861891, 
            "CPU": 0.036666666666666674
        }, 
        "Overall": {
            "Wall": 2.2752466666666664, 
            "CPU": 7.580000000000001
        }
    }, 
    "32": {
        "Tree": {
            "Wall": 0.10579033333333332, 
            "CPU": 0.013333333333333334
        }, 
        "Decode": {
            "Wall": 2.4334496666666663, 
            "CPU": 77.66333333333333
        }, 
        "Flush": {
            "Wall": 1.8521806666666667, 
            "CPU": 0.4766666666666666
        }, 
        "Overall": {
            "Wall": 4.391954666666667, 
            "CPU": 78.16333333333334
        }
    }, 
    "8": {
        "Tree": {
            "Wall": 0.023514666666666666, 
            "CPU": 0.01
        }, 
        "Decode": {
            "Wall": 1.1225129999999999, 
            "CPU": 7.793333333333333
        }, 
        "Flush": {
            "Wall": 0.7378870000000001, 
            "CPU": 0.02666666666666667
        }, 
        "Overall": {
            "Wall": 1.8841956666666668, 
            "CPU": 7.830000000000001
        }
    }, 
    "10": {
        "Tree": {
            "Wall": 0.027647666666666668, 
            "CPU": 0.01
        }, 
        "Decode": {
            "Wall": 1.5400850000000001, 
            "CPU": 7.813333333333333
        }, 
        "Flush": {
            "Wall": 0.8503406666666667, 
            "CPU": 0.03666666666666667
        }, 
        "Overall": {
            "Wall": 2.418277666666667, 
            "CPU": 7.86
        }
    }, 
    "12": {
        "Tree": {
            "Wall": 0.023748666666666668, 
            "CPU": 0.01
        }, 
        "Decode": {
            "Wall": 1.5200803333333335, 
            "CPU": 7.84
        }, 
        "Flush": {
            "Wall": 0.8562280000000001, 
            "CPU": 0.04
        }, 
        "Overall": {
            "Wall": 2.400266333333333, 
            "CPU": 7.89
        }
    }, 
    "16": {
        "Tree": {
            "Wall": 0.027004666666666666, 
            "CPU": 0.006666666666666667
        }, 
        "Decode": {
            "Wall": 1.5413083333333333, 
            "CPU": 7.846666666666667
        }, 
        "Flush": {
            "Wall": 0.8536103333333335, 
            "CPU": 0.036666666666666674
        }, 
        "Overall": {
            "Wall": 2.4221973333333335, 
            "CPU": 7.890000000000001
        }
    }, 
    "20": {
        "Tree": {
            "Wall": 0.02316666666666667, 
            "CPU": 0.01
        }, 
        "Decode": {
            "Wall": 1.477536, 
            "CPU": 7.79
        }, 
        "Flush": {
            "Wall": 0.8422163333333333, 
            "CPU": 0.03666666666666667
        }, 
        "Overall": {
            "Wall": 2.3431793333333335, 
            "CPU": 7.836666666666666
        }
    }, 
    "1": {
        "Tree": {
            "Wall": 0.03157666666666666, 
            "CPU": 0.006666666666666667
        }, 
        "Decode": {
            "Wall": 7.131831333333333, 
            "CPU": 7.083333333333333
        }, 
        "Flush": {
            "Wall": 0.7954273333333334, 
            "CPU": 0.030000000000000002
        }, 
        "Overall": {
            "Wall": 7.960546333333333, 
            "CPU": 7.12
        }
    }, 
    "24": {
        "Tree": {
            "Wall": 0.024453666666666665, 
            "CPU": 0.006666666666666667
        }, 
        "Decode": {
            "Wall": 1.468388, 
            "CPU": 7.863333333333333
        }, 
        "Flush": {
            "Wall": 0.7580003333333334, 
            "CPU": 0.03
        }, 
        "Overall": {
            "Wall": 2.251122, 
            "CPU": 7.900000000000001
        }
    }
}