{
    "1": {
        "Frequencies": {
            "Wall": 2.111689666666667, 
            "CPU": 1.5633333333333332
        }, 
        "Tree": {
            "Wall": 0.03428966666666667, 
            "CPU": 0.016666666666666666
        }, 
        "Encode": {
            "Wall": 31.00111766666667, 
            "CPU": 30.916666666666668
        }, 
        "Flush": {
            "Wall": 0.3145773333333333, 
            "CPU": 0.013333333333333334
        }, 
        "Overall": {
            "Wall": 33.464299000000004, 
            "CPU": 32.52
        }
    }, 
    "2": {
        "Frequencies": {
            "Wall": 0.8832550000000001, 
            "CPU": 1.74
        }, 
        "Tree": {
            "Wall": 0.050609666666666664, 
            "CPU": 0.03333333333333333
        }, 
        "Encode": {
            "Wall": 30.471186, 
            "CPU": 31.399999999999995
        }, 
        "Flush": {
            "Wall": 0.587585, 
            "CPU": 0.02666666666666667
        }, 
        "Overall": {
            "Wall": 31.99527733333333, 
            "CPU": 33.199999999999996
        }
    }, 
    "4": {
        "Frequencies": {
            "Wall": 0.5511376666666666, 
            "CPU": 2.16
        }, 
        "Tree": {
            "Wall": 0.04800200000000001, 
            "CPU": 0.049999999999999996
        }, 
        "Encode": {
            "Wall": 8.287317, 
            "CPU": 31.536666666666665
        }, 
        "Flush": {
            "Wall": 1.6750436666666666, 
            "CPU": 0.05333333333333334
        }, 
        "Overall": {
            "Wall": 10.564143999999999, 
            "CPU": 33.806666666666665
        }
    }, 
    "6": {
        "Frequencies": {
            "Wall": 0.42960100000000007, 
            "CPU": 2.5033333333333334
        }, 
        "Tree": {
            "Wall": 0.04897833333333334, 
            "CPU": 0.06666666666666667
        }, 
        "Encode": {
            "Wall": 5.809719, 
            "CPU": 31.98
        }, 
        "Flush": {
            "Wall": 1.5630413333333333, 
            "CPU": 0.06333333333333334
        }, 
        "Overall": {
            "Wall": 7.853718333333333, 
            "CPU": 34.620000000000005
        }
    }, 
    "8": {
        "Frequencies": {
            "Wall": 0.37259766666666666, 
            "CPU": 2.8966666666666665
        }, 
        "Tree": {
            "Wall": 0.05040666666666666, 
            "CPU": 0.08
        }, 
        "Encode": {
            "Wall": 4.519231, 
            "CPU": 32.07666666666666
        }, 
        "Flush": {
            "Wall": 1.7385906666666668, 
            "CPU": 0.07
        }, 
        "Overall": {
            "Wall": 6.683395999999999, 
            "CPU": 35.123333333333335
        }
    }, 
    "10": {
        "Frequencies": {
            "Wall": 0.3534673333333333, 
            "CPU": 3.4066666666666667
        }, 
        "Tree": {
            "Wall": 0.05044966666666667, 
            "CPU": 0.09666666666666668
        }, 
        "Encode": {
            "Wall": 3.778256333333333, 
            "CPU": 32.629999999999995
        }, 
        "Flush": {
            "Wall": 1.8558556666666666, 
            "CPU": 0.07666666666666666
        }, 
        "Overall": {
            "Wall": 6.040586, 
            "CPU": 36.21666666666666
        }
    }, 
    "12": {
        "Frequencies": {
            "Wall": 0.32671199999999995, 
            "CPU": 3.7266666666666666
        }, 
        "Tree": {
            "Wall": 0.05459633333333334, 
            "CPU": 0.11666666666666665
        }, 
        "Encode": {
            "Wall": 3.226471333333333, 
            "CPU": 32.57666666666667
        }, 
        "Flush": {
            "Wall": 1.9075140000000002, 
            "CPU": 0.07333333333333335
        }, 
        "Overall": {
            "Wall": 5.517767333333334, 
            "CPU": 36.5
        }
    }, 
    "16": {
        "Frequencies": {
            "Wall": 1.4980053333333332, 
            "CPU": 20.48333333333333
        }, 
        "Tree": {
            "Wall": 0.041104, 
            "CPU": 0.18999999999999997
        }, 
        "Encode": {
            "Wall": 2.6096226666666666, 
            "CPU": 34.11666666666667
        }, 
        "Flush": {
            "Wall": 1.7791543333333333, 
            "CPU": 0.06666666666666667
        }, 
        "Overall": {
            "Wall": 5.930680666666667, 
            "CPU": 54.85666666666666
        }
    }, 
    "20": {
        "Frequencies": {
            "Wall": 0.48654133333333344, 
            "CPU": 8.71
        }, 
        "Tree": {
            "Wall": 0.04642366666666667, 
            "CPU": 0.24
        }, 
        "Encode": {
            "Wall": 2.2273286666666667, 
            "CPU": 34.5
        }, 
        "Flush": {
            "Wall": 1.8139336666666666, 
            "CPU": 0.06
        }, 
        "Overall": {
            "Wall": 4.576685666666666, 
            "CPU": 43.51666666666667
        }
    }, 
    "24": {
        "Frequencies": {
            "Wall": 0.47389533333333334, 
            "CPU": 10.606666666666667
        }, 
        "Tree": {
            "Wall": 0.046031333333333334, 
            "CPU": 0.29
        }, 
        "Encode": {
            "Wall": 1.9458440000000001, 
            "CPU": 34.583333333333336
        }, 
        "Flush": {
            "Wall": 1.7805243333333334, 
            "CPU": 0.06333333333333334
        }, 
        "Overall": {
            "Wall": 4.248383333333333, 
            "CPU": 45.550000000000004
        }
    }
}