{
    "64": {
        "Tree": {
            "Wall": 0.010835999999999998, 
            "CPU": 0.0033333333333333335
        }, 
        "Decode": {
            "Wall": 0.016377, 
            "CPU": 0.9866666666666667
        }, 
        "Flush": {
            "Wall": 0.05447633333333333, 
            "CPU": 0.3133333333333333
        }, 
        "Overall": {
            "Wall": 0.08216166666666667, 
            "CPU": 1.3066666666666666
        }
    }, 
    "48": {
        "Tree": {
            "Wall": 0.01266, 
            "CPU": 0.0
        }, 
        "Decode": {
            "Wall": 0.017507666666666668, 
            "CPU": 0.8066666666666666
        }, 
        "Flush": {
            "Wall": 0.056517000000000005, 
            "CPU": 0.23666666666666666
        }, 
        "Overall": {
            "Wall": 0.087045, 
            "CPU": 1.0466666666666666
        }
    }, 
    "2": {
        "Tree": {
            "Wall": 0.009640666666666667, 
            "CPU": 0.0
        }, 
        "Decode": {
            "Wall": 0.18825500000000003, 
            "CPU": 0.34
        }, 
        "Flush": {
            "Wall": 0.05428333333333333, 
            "CPU": 0.0
        }, 
        "Overall": {
            "Wall": 0.25268033333333334, 
            "CPU": 0.34
        }
    }, 
    "4": {
        "Tree": {
            "Wall": 0.007674333333333334, 
            "CPU": 0.0033333333333333335
        }, 
        "Decode": {
            "Wall": 0.12312000000000001, 
            "CPU": 0.3499999999999999
        }, 
        "Flush": {
            "Wall": 0.046185333333333335, 
            "CPU": 0.0
        }, 
        "Overall": {
            "Wall": 0.17719533333333334, 
            "CPU": 0.35333333333333333
        }
    }, 
    "6": {
        "Tree": {
            "Wall": 0.009716333333333334, 
            "CPU": 0.0
        }, 
        "Decode": {
            "Wall": 0.10144733333333333, 
            "CPU": 0.37666666666666665
        }, 
        "Flush": {
            "Wall": 0.054815, 
            "CPU": 0.0
        }, 
        "Overall": {
            "Wall": 0.16630766666666666, 
            "CPU": 0.37666666666666665
        }
    }, 
    "32": {
        "Tree": {
            "Wall": 0.014659333333333335, 
            "CPU": 0.0
        }, 
        "Decode": {
            "Wall": 0.02043266666666667, 
            "CPU": 0.63
        }, 
        "Flush": {
            "Wall": 0.050963, 
            "CPU": 0.16666666666666666
        }, 
        "Overall": {
            "Wall": 0.08699899999999999, 
            "CPU": 0.7966666666666667
        }
    }, 
    "8": {
        "Tree": {
            "Wall": 0.008929000000000001, 
            "CPU": 0.0
        }, 
        "Decode": {
            "Wall": 0.08427333333333333, 
            "CPU": 0.36999999999999994
        }, 
        "Flush": {
            "Wall": 0.04763866666666666, 
            "CPU": 0.0033333333333333335
        }, 
        "Overall": {
            "Wall": 0.141078, 
            "CPU": 0.37333333333333335
        }
    }, 
    "10": {
        "Tree": {
            "Wall": 0.009532, 
            "CPU": 0.0
        }, 
        "Decode": {
            "Wall": 0.09419099999999998, 
            "CPU": 0.37666666666666665
        }, 
        "Flush": {
            "Wall": 0.052318333333333335, 
            "CPU": 0.006666666666666667
        }, 
        "Overall": {
            "Wall": 0.15626166666666666, 
            "CPU": 0.3833333333333333
        }
    }, 
    "12": {
        "Tree": {
            "Wall": 0.009249, 
            "CPU": 0.0033333333333333335
        }, 
        "Decode": {
            "Wall": 0.08934166666666667, 
            "CPU": 0.37666666666666665
        }, 
        "Flush": {
            "Wall": 0.051769666666666665, 
            "CPU": 0.006666666666666667
        }, 
        "Overall": {
            "Wall": 0.15066266666666664, 
            "CPU": 0.3866666666666667
        }
    }, 
    "16": {
        "Tree": {
            "Wall": 0.009969333333333334, 
            "CPU": 0.0033333333333333335
        }, 
        "Decode": {
            "Wall": 0.07894033333333333, 
            "CPU": 0.37666666666666665
        }, 
        "Flush": {
            "Wall": 0.05025933333333334, 
            "CPU": 0.0
        }, 
        "Overall": {
            "Wall": 0.13949733333333333, 
            "CPU": 0.38000000000000006
        }
    }, 
    "20": {
        "Tree": {
            "Wall": 0.007796333333333333, 
            "CPU": 0.0
        }, 
        "Decode": {
            "Wall": 0.072889, 
            "CPU": 0.37333333333333335
        }, 
        "Flush": {
            "Wall": 0.04850533333333334, 
            "CPU": 0.0
        }, 
        "Overall": {
            "Wall": 0.12957966666666668, 
            "CPU": 0.37333333333333335
        }
    }, 
    "1": {
        "Tree": {
            "Wall": 0.028781666666666664, 
            "CPU": 0.006666666666666667
        }, 
        "Decode": {
            "Wall": 0.3396683333333334, 
            "CPU": 0.31
        }, 
        "Flush": {
            "Wall": 0.05295133333333333, 
            "CPU": 0.01
        }, 
        "Overall": {
            "Wall": 0.4219380000000001, 
            "CPU": 0.32666666666666666
        }
    }, 
    "24": {
        "Tree": {
            "Wall": 0.008721333333333333, 
            "CPU": 0.0
        }, 
        "Decode": {
            "Wall": 0.06232266666666667, 
            "CPU": 0.38000000000000006
        }, 
        "Flush": {
            "Wall": 0.05016299999999999, 
            "CPU": 0.0
        }, 
        "Overall": {
            "Wall": 0.12143266666666667, 
            "CPU": 0.38000000000000006
        }
    }
}