{
    "1": {
        "Tree": {
            "Wall": 1.080887, 
            "CPU": 0.79
        }, 
        "Decode": {
            "Wall": 754.841595, 
            "CPU": 743.9933333333333
        }, 
        "Flush": {
            "Wall": 3.148553, 
            "CPU": 0.14
        }, 
        "Overall": {
            "Wall": 759.0719466666666, 
            "CPU": 744.9233333333333
        }
    }, 
    "2": {
        "Tree": {
            "Wall": 1.0797773333333331, 
            "CPU": 1.0166666666666668
        }, 
        "Decode": {
            "Wall": 385.02130166666666, 
            "CPU": 754.5
        }, 
        "Flush": {
            "Wall": 5.098039333333333, 
            "CPU": 0.16
        }, 
        "Overall": {
            "Wall": 391.20160233333337, 
            "CPU": 755.68
        }
    }, 
    "4": {
        "Tree": {
            "Wall": 1.2251243333333335, 
            "CPU": 1.1
        }, 
        "Decode": {
            "Wall": 199.84985966666667, 
            "CPU": 765.9833333333332
        }, 
        "Flush": {
            "Wall": 11.303986, 
            "CPU": 0.4033333333333333
        }, 
        "Overall": {
            "Wall": 212.38142933333333, 
            "CPU": 767.4900000000001
        }
    }, 
    "6": {
        "Tree": {
            "Wall": 1.2097426666666664, 
            "CPU": 1.0466666666666666
        }, 
        "Decode": {
            "Wall": 138.73875366666667, 
            "CPU": 782.3566666666666
        }, 
        "Flush": {
            "Wall": 16.447012666666666, 
            "CPU": 0.49333333333333335
        }, 
        "Overall": {
            "Wall": 156.39635966666665, 
            "CPU": 783.9
        }
    }, 
    "8": {
        "Tree": {
            "Wall": 1.163025, 
            "CPU": 1.0133333333333334
        }, 
        "Decode": {
            "Wall": 113.10475766666667, 
            "CPU": 790.66
        }, 
        "Flush": {
            "Wall": 21.571245333333334, 
            "CPU": 0.7033333333333335
        }, 
        "Overall": {
            "Wall": 135.8435223333333, 
            "CPU": 792.3766666666667
        }
    }, 
    "10": {
        "Tree": {
            "Wall": 1.0977423333333334, 
            "CPU": 0.93
        }, 
        "Decode": {
            "Wall": 95.26206466666667, 
            "CPU": 798.4699999999999
        }, 
        "Flush": {
            "Wall": 39.040413666666666, 
            "CPU": 0.8166666666666668
        }, 
        "Overall": {
            "Wall": 135.40105, 
            "CPU": 800.2199999999999
        }
    }, 
    "12": {
        "Tree": {
            "Wall": 1.117825, 
            "CPU": 0.9433333333333334
        }, 
        "Decode": {
            "Wall": 81.11188600000001, 
            "CPU": 800.1033333333335
        }, 
        "Flush": {
            "Wall": 51.867773666666665, 
            "CPU": 1.0999999999999999
        }, 
        "Overall": {
            "Wall": 134.09828633333333, 
            "CPU": 802.1466666666666
        }
    }, 
    "16": {
        "Tree": {
            "Wall": 1.1417423333333334, 
            "CPU": 0.9366666666666666
        }, 
        "Decode": {
            "Wall": 108.72694000000001, 
            "CPU": 801.2333333333332
        }, 
        "Flush": {
            "Wall": 28.130279, 
            "CPU": 0.7799999999999999
        }, 
        "Overall": {
            "Wall": 137.99984866666665, 
            "CPU": 802.9499999999999
        }
    }, 
    "20": {
        "Tree": {
            "Wall": 1.113847, 
            "CPU": 0.94
        }, 
        "Decode": {
            "Wall": 94.31705099999999, 
            "CPU": 811.1766666666666
        }, 
        "Flush": {
            "Wall": 38.57473133333333, 
            "CPU": 0.86
        }, 
        "Overall": {
            "Wall": 134.00646666666668, 
            "CPU": 812.9766666666668
        }
    }, 
    "24": {
        "Tree": {
            "Wall": 1.0687436666666665, 
            "CPU": 0.9199999999999999
        }, 
        "Decode": {
            "Wall": 81.261529, 
            "CPU": 823.79
        }, 
        "Flush": {
            "Wall": 49.92424366666666, 
            "CPU": 0.9500000000000001
        }, 
        "Overall": {
            "Wall": 132.25528599999998, 
            "CPU": 825.66
        }
    }
}