{
    "64": {
        "Tree": {
            "Wall": 0.35361633333333337, 
            "CPU": 0.043333333333333335
        }, 
        "Decode": {
            "Wall": 1.212332, 
            "CPU": 44.80666666666667
        }, 
        "Flush": {
            "Wall": 5.024177, 
            "CPU": 0.15
        }, 
        "Overall": {
            "Wall": 6.590567333333333, 
            "CPU": 45.0
        }
    }, 
    "48": {
        "Tree": {
            "Wall": 0.3635196666666667, 
            "CPU": 0.043333333333333335
        }, 
        "Decode": {
            "Wall": 1.394385, 
            "CPU": 42.71
        }, 
        "Flush": {
            "Wall": 8.225414333333333, 
            "CPU": 0.15000000000000002
        }, 
        "Overall": {
            "Wall": 9.983877333333334, 
            "CPU": 42.903333333333336
        }
    }, 
    "2": {
        "Tree": {
            "Wall": 0.112198, 
            "CPU": 0.07666666666666667
        }, 
        "Decode": {
            "Wall": 18.238055666666668, 
            "CPU": 36.02
        }, 
        "Flush": {
            "Wall": 2.070426, 
            "CPU": 0.09000000000000001
        }, 
        "Overall": {
            "Wall": 20.42153666666667, 
            "CPU": 36.18666666666667
        }
    }, 
    "4": {
        "Tree": {
            "Wall": 0.11189666666666666, 
            "CPU": 0.07666666666666667
        }, 
        "Decode": {
            "Wall": 10.008920666666667, 
            "CPU": 37.653333333333336
        }, 
        "Flush": {
            "Wall": 3.1146670000000003, 
            "CPU": 0.13666666666666666
        }, 
        "Overall": {
            "Wall": 13.235954999999999, 
            "CPU": 37.866666666666674
        }
    }, 
    "6": {
        "Tree": {
            "Wall": 0.11227266666666667, 
            "CPU": 0.08
        }, 
        "Decode": {
            "Wall": 7.179065333333334, 
            "CPU": 38.82666666666667
        }, 
        "Flush": {
            "Wall": 4.051831666666668, 
            "CPU": 0.19000000000000003
        }, 
        "Overall": {
            "Wall": 11.343880333333333, 
            "CPU": 39.09666666666667
        }
    }, 
    "32": {
        "Tree": {
            "Wall": 0.24810666666666667, 
            "CPU": 0.03333333333333333
        }, 
        "Decode": {
            "Wall": 6.218494333333333, 
            "CPU": 127.19333333333334
        }, 
        "Flush": {
            "Wall": 4.110843999999999, 
            "CPU": 0.13999999999999999
        }, 
        "Overall": {
            "Wall": 10.580701, 
            "CPU": 127.36666666666667
        }
    }, 
    "8": {
        "Tree": {
            "Wall": 0.10926533333333333, 
            "CPU": 0.07
        }, 
        "Decode": {
            "Wall": 6.791896666666666, 
            "CPU": 38.656666666666666
        }, 
        "Flush": {
            "Wall": 3.8721456666666665, 
            "CPU": 0.16666666666666666
        }, 
        "Overall": {
            "Wall": 10.773803333333333, 
            "CPU": 38.89666666666667
        }
    }, 
    "10": {
        "Tree": {
            "Wall": 0.11353, 
            "CPU": 0.07666666666666667
        }, 
        "Decode": {
            "Wall": 6.317274666666666, 
            "CPU": 37.873333333333335
        }, 
        "Flush": {
            "Wall": 4.008944666666667, 
            "CPU": 0.18333333333333335
        }, 
        "Overall": {
            "Wall": 10.440523999999998, 
            "CPU": 38.13666666666666
        }
    }, 
    "12": {
        "Tree": {
            "Wall": 0.11120033333333333, 
            "CPU": 0.07333333333333335
        }, 
        "Decode": {
            "Wall": 5.62165, 
            "CPU": 37.656666666666666
        }, 
        "Flush": {
            "Wall": 4.0336783333333335, 
            "CPU": 0.19333333333333333
        }, 
        "Overall": {
            "Wall": 9.767019666666666, 
            "CPU": 37.92666666666666
        }
    }, 
    "16": {
        "Tree": {
            "Wall": 0.108753, 
            "CPU": 0.07333333333333335
        }, 
        "Decode": {
            "Wall": 4.667493333333334, 
            "CPU": 37.71
        }, 
        "Flush": {
            "Wall": 3.8838283333333337, 
            "CPU": 0.18000000000000002
        }, 
        "Overall": {
            "Wall": 8.660819666666667, 
            "CPU": 37.97
        }
    }, 
    "20": {
        "Tree": {
            "Wall": 0.11162699999999999, 
            "CPU": 0.08
        }, 
        "Decode": {
            "Wall": 3.8306466666666665, 
            "CPU": 37.723333333333336
        }, 
        "Flush": {
            "Wall": 3.444396, 
            "CPU": 0.15666666666666668
        }, 
        "Overall": {
            "Wall": 7.3871470000000015, 
            "CPU": 37.96
        }
    }, 
    "1": {
        "Tree": {
            "Wall": 0.10354766666666666, 
            "CPU": 0.04666666666666667
        }, 
        "Decode": {
            "Wall": 35.44966766666667, 
            "CPU": 35.20333333333333
        }, 
        "Flush": {
            "Wall": 1.527887, 
            "CPU": 0.06333333333333334
        }, 
        "Overall": {
            "Wall": 37.08194133333333, 
            "CPU": 35.31333333333333
        }
    }, 
    "24": {
        "Tree": {
            "Wall": 0.11011199999999999, 
            "CPU": 0.07
        }, 
        "Decode": {
            "Wall": 3.2796790000000002, 
            "CPU": 37.483333333333334
        }, 
        "Flush": {
            "Wall": 3.660541666666667, 
            "CPU": 0.16
        }, 
        "Overall": {
            "Wall": 7.050824333333334, 
            "CPU": 37.71333333333333
        }
    }
}